-- MySQL dump 10.13  Distrib 8.0.32, for Win64 (x86_64)
--
-- Host: localhost    Database: electronic_store
-- ------------------------------------------------------
-- Server version	8.0.32

/*!40101 SET @OLD_CHARACTER_SET_CLIENT=@@CHARACTER_SET_CLIENT */;
/*!40101 SET @OLD_CHARACTER_SET_RESULTS=@@CHARACTER_SET_RESULTS */;
/*!40101 SET @OLD_COLLATION_CONNECTION=@@COLLATION_CONNECTION */;
/*!50503 SET NAMES utf8 */;
/*!40103 SET @OLD_TIME_ZONE=@@TIME_ZONE */;
/*!40103 SET TIME_ZONE='+00:00' */;
/*!40014 SET @OLD_UNIQUE_CHECKS=@@UNIQUE_CHECKS, UNIQUE_CHECKS=0 */;
/*!40014 SET @OLD_FOREIGN_KEY_CHECKS=@@FOREIGN_KEY_CHECKS, FOREIGN_KEY_CHECKS=0 */;
/*!40101 SET @OLD_SQL_MODE=@@SQL_MODE, SQL_MODE='NO_AUTO_VALUE_ON_ZERO' */;
/*!40111 SET @OLD_SQL_NOTES=@@SQL_NOTES, SQL_NOTES=0 */;

--
-- Table structure for table `cart`
--

DROP TABLE IF EXISTS `cart`;
/*!40101 SET @saved_cs_client     = @@character_set_client */;
/*!50503 SET character_set_client = utf8mb4 */;
CREATE TABLE `cart` (
  `cart_id` varchar(255) NOT NULL,
  `created_at` datetime(6) DEFAULT NULL,
  `user_user_id` varchar(255) DEFAULT NULL,
  PRIMARY KEY (`cart_id`),
  KEY `FKbut5u81fns8galxagpxo98om4` (`user_user_id`),
  CONSTRAINT `FKbut5u81fns8galxagpxo98om4` FOREIGN KEY (`user_user_id`) REFERENCES `users` (`user_id`)
) ENGINE=InnoDB DEFAULT CHARSET=utf8mb4 COLLATE=utf8mb4_0900_ai_ci;
/*!40101 SET character_set_client = @saved_cs_client */;

--
-- Dumping data for table `cart`
--

LOCK TABLES `cart` WRITE;
/*!40000 ALTER TABLE `cart` DISABLE KEYS */;
INSERT INTO `cart` VALUES ('3ee70055-59d3-4d43-ba26-012dbf817a36','2023-03-07 23:01:25.578000','2087071a-6358-4e38-b655-e0773af258e9'),('9924bfb6-508d-42ca-9cca-a9563b62c02b','2023-03-04 17:27:09.866000','b30055a6-0fb9-47a5-a96b-afeaab96eb17'),('99c3b349-5efa-4dd6-8438-f25080164b1d','2022-12-21 12:54:15.657000','b7bb2875-5a56-44a6-95c9-5ba7d24902d1'),('a49d0ef3-d5df-42c6-809f-8eac47761cc3','2023-03-01 22:18:06.832000','950f1dc5-3658-46d2-814a-4aeb5cf3c1e3'),('d2424fe0-35e3-451f-b63c-766a9a4d2751','2023-03-06 14:39:05.924000','98019f28-235e-4e4b-a0ed-6dff825a877f'),('f3235207-c145-4635-9a4b-a66d6714b429','2023-03-04 16:10:32.025000','d730c5cd-2b10-4192-900c-e88d5075ccfb');
/*!40000 ALTER TABLE `cart` ENABLE KEYS */;
UNLOCK TABLES;

--
-- Table structure for table `cart_items`
--

DROP TABLE IF EXISTS `cart_items`;
/*!40101 SET @saved_cs_client     = @@character_set_client */;
/*!50503 SET character_set_client = utf8mb4 */;
CREATE TABLE `cart_items` (
  `cart_item_id` int NOT NULL AUTO_INCREMENT,
  `quantity` int NOT NULL,
  `total_price` int NOT NULL,
  `cart_id` varchar(255) DEFAULT NULL,
  `product_id` varchar(255) DEFAULT NULL,
  PRIMARY KEY (`cart_item_id`),
  KEY `FK99e0am9jpriwxcm6is7xfedy3` (`cart_id`),
  KEY `FK1re40cjegsfvw58xrkdp6bac6` (`product_id`),
  CONSTRAINT `FK1re40cjegsfvw58xrkdp6bac6` FOREIGN KEY (`product_id`) REFERENCES `products` (`product_id`),
  CONSTRAINT `FK99e0am9jpriwxcm6is7xfedy3` FOREIGN KEY (`cart_id`) REFERENCES `cart` (`cart_id`)
) ENGINE=InnoDB AUTO_INCREMENT=100 DEFAULT CHARSET=utf8mb4 COLLATE=utf8mb4_0900_ai_ci;
/*!40101 SET character_set_client = @saved_cs_client */;

--
-- Dumping data for table `cart_items`
--

LOCK TABLES `cart_items` WRITE;
/*!40000 ALTER TABLE `cart_items` DISABLE KEYS */;
INSERT INTO `cart_items` VALUES (45,4,800,'9924bfb6-508d-42ca-9cca-a9563b62c02b','06e41a37-228b-4c63-9c99-5661b8a37946'),(47,1,1100,'9924bfb6-508d-42ca-9cca-a9563b62c02b','fb347200-0f0a-4634-8d63-4ead92b203cd'),(48,1,80000,'9924bfb6-508d-42ca-9cca-a9563b62c02b','07cbec7c-5cd5-41cd-ba40-3bccc975e53f'),(75,1,200,'f3235207-c145-4635-9a4b-a66d6714b429','06e41a37-228b-4c63-9c99-5661b8a37946'),(98,5,60000,'a49d0ef3-d5df-42c6-809f-8eac47761cc3','71f433c1-6cbd-488b-b381-d0f2807498fa'),(99,1,65000,'a49d0ef3-d5df-42c6-809f-8eac47761cc3','1c28adc9-76e2-4924-916c-93874a3f871f');
/*!40000 ALTER TABLE `cart_items` ENABLE KEYS */;
UNLOCK TABLES;

--
-- Table structure for table `categories`
--

DROP TABLE IF EXISTS `categories`;
/*!40101 SET @saved_cs_client     = @@character_set_client */;
/*!50503 SET character_set_client = utf8mb4 */;
CREATE TABLE `categories` (
  `id` varchar(255) NOT NULL,
  `cover_image` varchar(255) DEFAULT NULL,
  `category_desc` varchar(500) DEFAULT NULL,
  `category_title` varchar(60) NOT NULL,
  PRIMARY KEY (`id`)
) ENGINE=InnoDB DEFAULT CHARSET=utf8mb4 COLLATE=utf8mb4_0900_ai_ci;
/*!40101 SET character_set_client = @saved_cs_client */;

--
-- Dumping data for table `categories`
--

LOCK TABLES `categories` WRITE;
/*!40000 ALTER TABLE `categories` DISABLE KEYS */;
INSERT INTO `categories` VALUES ('560221a2-ef7e-4898-94fe-0203c3a758da','https://images.unsplash.com/photo-1636532824650-10c9d56dc29c?ixlib=rb-4.0.3&ixid=MnwxMjA3fDB8MHxwaG90by1wYWdlfHx8fGVufDB8fHx8&auto=format&fit=crop&w=2370&q=80','This category contains product related to smart phones.A smartphone is a portable computer device that combines mobile telephone functions and computing functions into one unit. They are distinguished from feature phones by their stronger hardware capabilities and extensive mobile operating systems.','Smarthones'),('64582065-18f5-4ddc-9073-86ae36d17d3e','https://images.unsplash.com/photo-1591815302525-756a9bcc3425?ixlib=rb-4.0.3&ixid=MnwxMjA3fDB8MHxwaG90by1wYWdlfHx8fGVufDB8fHx8&auto=format&fit=crop&w=987&q=80','This category contains trending phones of 2023.','Trending Phones 2023'),('9e8429d7-9255-483a-aa30-9af7df82e055','https://randomwordgenerator.com/img/picture-generator/57e6d04b4b5bb10ff3d8992cc12c30771037dbf852547941742a79d79044_640.jpg','This Category contains product related to electronics like tv, mic, headphones.','Electronics'),('d6590ba1-eb16-4894-bdab-231368732d14','https://images.unsplash.com/photo-1510557880182-3d4d3cba35a5?ixlib=rb-4.0.3&ixid=MnwxMjA3fDB8MHxwaG90by1wYWdlfHx8fGVufDB8fHx8&auto=format&fit=crop&w=2370&q=80','This category contains phones related to phones. This is very expensive phones in market.','Iphones');
/*!40000 ALTER TABLE `categories` ENABLE KEYS */;
UNLOCK TABLES;

--
-- Table structure for table `order_items`
--

DROP TABLE IF EXISTS `order_items`;
/*!40101 SET @saved_cs_client     = @@character_set_client */;
/*!50503 SET character_set_client = utf8mb4 */;
CREATE TABLE `order_items` (
  `order_item_id` int NOT NULL AUTO_INCREMENT,
  `quantity` int NOT NULL,
  `total_price` int NOT NULL,
  `order_id` varchar(255) DEFAULT NULL,
  `product_id` varchar(255) DEFAULT NULL,
  PRIMARY KEY (`order_item_id`),
  KEY `FKbioxgbv59vetrxe0ejfubep1w` (`order_id`),
  KEY `FKocimc7dtr037rh4ls4l95nlfi` (`product_id`),
  CONSTRAINT `FKbioxgbv59vetrxe0ejfubep1w` FOREIGN KEY (`order_id`) REFERENCES `orders` (`order_id`),
  CONSTRAINT `FKocimc7dtr037rh4ls4l95nlfi` FOREIGN KEY (`product_id`) REFERENCES `products` (`product_id`)
) ENGINE=InnoDB AUTO_INCREMENT=38 DEFAULT CHARSET=utf8mb4 COLLATE=utf8mb4_0900_ai_ci;
/*!40101 SET character_set_client = @saved_cs_client */;

--
-- Dumping data for table `order_items`
--

LOCK TABLES `order_items` WRITE;
/*!40000 ALTER TABLE `order_items` DISABLE KEYS */;
INSERT INTO `order_items` VALUES (5,15,16500,'e6b4e56b-256e-495d-9e29-bc9e715cbd4f','fb347200-0f0a-4634-8d63-4ead92b203cd'),(6,5,1000,'e6b4e56b-256e-495d-9e29-bc9e715cbd4f','06e41a37-228b-4c63-9c99-5661b8a37946'),(7,15,16500,'e6b4e56b-256e-495d-9e29-bc9e715cbd4f','fb347200-0f0a-4634-8d63-4ead92b203cd'),(8,5,1000,'e6b4e56b-256e-495d-9e29-bc9e715cbd4f','06e41a37-228b-4c63-9c99-5661b8a37946'),(9,1,55000,'5f63422c-30a7-4dc8-84d4-a371f55b6c9d','c6aabe01-c99c-45d2-9cfd-7a7ad83fbdc8'),(10,3,72000,'5f63422c-30a7-4dc8-84d4-a371f55b6c9d','787a4e8f-df56-4cc8-9fdb-d73de58c1c5b'),(11,1,55000,'5f63422c-30a7-4dc8-84d4-a371f55b6c9d','c6aabe01-c99c-45d2-9cfd-7a7ad83fbdc8'),(12,3,72000,'5f63422c-30a7-4dc8-84d4-a371f55b6c9d','787a4e8f-df56-4cc8-9fdb-d73de58c1c5b'),(13,2,400,'d50d6b8d-c89b-4435-900d-5ab05e6f4b6b','06e41a37-228b-4c63-9c99-5661b8a37946'),(14,2,400,'d50d6b8d-c89b-4435-900d-5ab05e6f4b6b','06e41a37-228b-4c63-9c99-5661b8a37946'),(15,6,63000,'a46da93a-5aeb-4d12-9f41-2bf7123b6b6d','026aac0c-75bb-410b-a530-8ca21dacc538'),(16,6,63000,'a46da93a-5aeb-4d12-9f41-2bf7123b6b6d','026aac0c-75bb-410b-a530-8ca21dacc538'),(17,6,63000,'5146437c-a63a-48ea-9ccf-05b664b4cca9','026aac0c-75bb-410b-a530-8ca21dacc538'),(18,6,63000,'5146437c-a63a-48ea-9ccf-05b664b4cca9','026aac0c-75bb-410b-a530-8ca21dacc538'),(19,6,63000,'77d71d69-3ce2-4e64-aaa8-b17152cb475e','026aac0c-75bb-410b-a530-8ca21dacc538'),(20,6,63000,'77d71d69-3ce2-4e64-aaa8-b17152cb475e','026aac0c-75bb-410b-a530-8ca21dacc538'),(21,7,73500,'561ff4e6-9ebf-47d3-a762-47a69bd5cfd4','026aac0c-75bb-410b-a530-8ca21dacc538'),(22,1,85000,'8c6bfc13-cbf3-4d21-a907-f589d1843025','d314dcda-15a6-43cb-abb0-2de9f5136e10'),(23,2,110000,'8c6bfc13-cbf3-4d21-a907-f589d1843025','c6aabe01-c99c-45d2-9cfd-7a7ad83fbdc8'),(24,1,12000,'5a080cd0-30ff-4c2b-bfb6-a6c0c8917257','71f433c1-6cbd-488b-b381-d0f2807498fa'),(25,1,75000,'5a080cd0-30ff-4c2b-bfb6-a6c0c8917257','be6201e5-f54b-4383-9cc5-ad08f6336441'),(26,1,10000,'2df0d033-f3c2-47d6-8f6e-fd074caa703a','026aac0c-75bb-410b-a530-8ca21dacc538'),(27,1,49000,'2df0d033-f3c2-47d6-8f6e-fd074caa703a','9b292dc2-a57e-4daf-baf9-ea55ed78765d'),(28,2,130000,'2df0d033-f3c2-47d6-8f6e-fd074caa703a','1c28adc9-76e2-4924-916c-93874a3f871f'),(29,4,48000,'8d685f25-de6f-4048-9624-2b170b930d82','71f433c1-6cbd-488b-b381-d0f2807498fa'),(30,1,200,'8d685f25-de6f-4048-9624-2b170b930d82','06e41a37-228b-4c63-9c99-5661b8a37946'),(31,2,24000,'064a27b1-d627-4f65-a622-c707e10a8967','71f433c1-6cbd-488b-b381-d0f2807498fa'),(32,3,147000,'064a27b1-d627-4f65-a622-c707e10a8967','9b292dc2-a57e-4daf-baf9-ea55ed78765d'),(33,2,48000,'19402664-4458-40f4-aa74-5e6f90b2bc37','787a4e8f-df56-4cc8-9fdb-d73de58c1c5b'),(34,1,75000,'19402664-4458-40f4-aa74-5e6f90b2bc37','be6201e5-f54b-4383-9cc5-ad08f6336441'),(35,1,10000,'19402664-4458-40f4-aa74-5e6f90b2bc37','026aac0c-75bb-410b-a530-8ca21dacc538'),(36,1,85000,'045dc7d5-eee6-4d9c-8845-a8f3c0669a72','d314dcda-15a6-43cb-abb0-2de9f5136e10'),(37,1,65000,'045dc7d5-eee6-4d9c-8845-a8f3c0669a72','1c28adc9-76e2-4924-916c-93874a3f871f');
/*!40000 ALTER TABLE `order_items` ENABLE KEYS */;
UNLOCK TABLES;

--
-- Table structure for table `orders`
--

DROP TABLE IF EXISTS `orders`;
/*!40101 SET @saved_cs_client     = @@character_set_client */;
/*!50503 SET character_set_client = utf8mb4 */;
CREATE TABLE `orders` (
  `order_id` varchar(255) NOT NULL,
  `billing_address` varchar(1000) DEFAULT NULL,
  `billing_name` varchar(255) DEFAULT NULL,
  `billing_phone` varchar(255) DEFAULT NULL,
  `delivered_date` datetime(6) DEFAULT NULL,
  `order_amount` int NOT NULL,
  `order_status` varchar(255) DEFAULT NULL,
  `ordered_date` datetime(6) DEFAULT NULL,
  `payment_status` varchar(255) DEFAULT NULL,
  `user_id` varchar(255) DEFAULT NULL,
  PRIMARY KEY (`order_id`),
  KEY `FK32ql8ubntj5uh44ph9659tiih` (`user_id`),
  CONSTRAINT `FK32ql8ubntj5uh44ph9659tiih` FOREIGN KEY (`user_id`) REFERENCES `users` (`user_id`)
) ENGINE=InnoDB DEFAULT CHARSET=utf8mb4 COLLATE=utf8mb4_0900_ai_ci;
/*!40101 SET character_set_client = @saved_cs_client */;

--
-- Dumping data for table `orders`
--

LOCK TABLES `orders` WRITE;
/*!40000 ALTER TABLE `orders` DISABLE KEYS */;
INSERT INTO `orders` VALUES ('045dc7d5-eee6-4d9c-8845-a8f3c0669a72','This is testing address.','Durgesh Kumar Tiwari','235245',NULL,150000,'PENDING','2023-03-07 23:05:34.492000','PAID','2087071a-6358-4e38-b655-e0773af258e9'),('064a27b1-d627-4f65-a622-c707e10a8967','235/235/235 lucknow uttar pradesh india.2352','Ajay Kumar Pandey','2352523',NULL,171000,'PENDING','2023-03-06 14:39:46.311000','NOTPAID','98019f28-235e-4e4b-a0ed-6dff825a877f'),('19402664-4458-40f4-aa74-5e6f90b2bc37','2343/235 Section 8 new delhi ,india 24564125','Manoj Kumar Pandey','235235235235',NULL,133000,'PENDING','2023-03-07 23:03:28.605000','NOTPAID','2087071a-6358-4e38-b655-e0773af258e9'),('2df0d033-f3c2-47d6-8f6e-fd074caa703a','This is testing order by Arjun','Tiwari G','1412412',NULL,189000,'PENDING','2023-03-05 15:02:57.621000','NOTPAID','d730c5cd-2b10-4192-900c-e88d5075ccfb'),('5146437c-a63a-48ea-9ccf-05b664b4cca9','H No 232/345 Vikash nagar lucknow','Ankit Kumar Tiwari','7412589',NULL,126000,'PENDING','2023-03-01 23:18:01.694000','NOTPAID','950f1dc5-3658-46d2-814a-4aeb5cf3c1e3'),('561ff4e6-9ebf-47d3-a762-47a69bd5cfd4','1524/235 Gomti Nagar Lucknow,INDIA','Harsh Kumar Tiwari','789654','2023-03-04 05:30:00.000000',73500,'DELIVERED','2023-03-02 00:09:46.195000','PAID','950f1dc5-3658-46d2-814a-4aeb5cf3c1e3'),('5a080cd0-30ff-4c2b-bfb6-a6c0c8917257','This is testing order.','MP Tiwari','74152896',NULL,87000,'PNEDING','2023-03-05 14:59:30.944000','NOTPAID','950f1dc5-3658-46d2-814a-4aeb5cf3c1e3'),('5f63422c-30a7-4dc8-84d4-a371f55b6c9d','1524/235 Gomti Nagar Lucknow','Durgesh Kumar Tiwari','23523523',NULL,254000,'PENDING','2023-03-01 22:21:21.270000','NOTPAID','950f1dc5-3658-46d2-814a-4aeb5cf3c1e3'),('77d71d69-3ce2-4e64-aaa8-b17152cb475e','H No 232/345 Vikash nagar lucknow','Ankit Kumar Tiwari','7412589',NULL,126000,'DISPATCHED','2023-03-01 23:18:49.659000','PAID','950f1dc5-3658-46d2-814a-4aeb5cf3c1e3'),('8c6bfc13-cbf3-4d21-a907-f589d1843025','This is testing address, INDIA','DK Tiwari','123456',NULL,195000,'PNEDING','2023-03-05 14:56:56.741000','NOTPAID','950f1dc5-3658-46d2-814a-4aeb5cf3c1e3'),('8d685f25-de6f-4048-9624-2b170b930d82','This is testing address','Test User','25252',NULL,48200,'DELIVERED','2023-03-06 13:40:40.544000','NOTPAID','d730c5cd-2b10-4192-900c-e88d5075ccfb'),('a46da93a-5aeb-4d12-9f41-2bf7123b6b6d','H No 232/345 Vikash nagar lucknow','Ankit Kumar Tiwari','7412589',NULL,126000,'PENDING','2023-03-01 23:07:29.899000','NOTPAID','950f1dc5-3658-46d2-814a-4aeb5cf3c1e3'),('d50d6b8d-c89b-4435-900d-5ab05e6f4b6b','254/2323 Sector 5 Indra Nagar Lucknow','Ankit Kumar Tiwari','7412589',NULL,800,'PENDING','2023-03-01 23:01:54.964000','NOTPAID','950f1dc5-3658-46d2-814a-4aeb5cf3c1e3'),('e6b4e56b-256e-495d-9e29-bc9e715cbd4f','1524/235 Gomti Nagar Lucknow','Durgesh Kumar Tiwari','23523523',NULL,35000,'DISPATCHED','2023-03-01 22:19:51.128000','PAID','950f1dc5-3658-46d2-814a-4aeb5cf3c1e3');
/*!40000 ALTER TABLE `orders` ENABLE KEYS */;
UNLOCK TABLES;

--
-- Table structure for table `products`
--

DROP TABLE IF EXISTS `products`;
/*!40101 SET @saved_cs_client     = @@character_set_client */;
/*!50503 SET character_set_client = utf8mb4 */;
CREATE TABLE `products` (
  `product_id` varchar(255) NOT NULL,
  `added_date` datetime(6) DEFAULT NULL,
  `description` varchar(10000) DEFAULT NULL,
  `discounted_price` int NOT NULL,
  `live` bit(1) NOT NULL,
  `price` int NOT NULL,
  `quantity` int NOT NULL,
  `stock` bit(1) NOT NULL,
  `title` varchar(255) DEFAULT NULL,
  `product_image_name` varchar(255) DEFAULT NULL,
  `category_id` varchar(255) DEFAULT NULL,
  PRIMARY KEY (`product_id`),
  KEY `FKog2rp4qthbtt2lfyhfo32lsw9` (`category_id`),
  CONSTRAINT `FKog2rp4qthbtt2lfyhfo32lsw9` FOREIGN KEY (`category_id`) REFERENCES `categories` (`id`)
) ENGINE=InnoDB DEFAULT CHARSET=utf8mb4 COLLATE=utf8mb4_0900_ai_ci;
/*!40101 SET character_set_client = @saved_cs_client */;

--
-- Dumping data for table `products`
--

LOCK TABLES `products` WRITE;
/*!40000 ALTER TABLE `products` DISABLE KEYS */;
INSERT INTO `products` VALUES ('026aac0c-75bb-410b-a530-8ca21dacc538','2023-02-24 18:33:24.528000','<p><span style=\"color: rgb(224, 62, 45);\"><strong>HP 315 Multi-function Color Inkjet Printer (Color Page Cost: 20 Paise | Black Page Cost: 10 Paise)&nbsp;&nbsp;(Black, Ink Tank)</strong></span></p>\n<p>The HP 315 multifunction colour printer is an all-in-one printer that helps you print, copy, and scan your documents in a convenient manner. Its unique transparent ink tank allows you to keep a tab on the quantity of ink and refill it in a hassle-free manner. To top it off, you can print on a number of sheet-sizes like A4, B5, A6, and more. Get home this energy-efficient printer and enjoy high-quality printing.</p>\n<div class=\"_5pFuey\">Specifications&nbsp;General</div>\n<div>\n<div class=\"_1UhVsV\">\n<div class=\"_3k-BhJ\">\n<table class=\"_14cfVK\" style=\"width: 40.6486%; height: 447.938px;\">\n<tbody>\n<tr class=\"_1s_Smc row\" style=\"height: 47.5938px;\">\n<td class=\"_1hKmbr col col-3-12\" style=\"width: 47.3923%; height: 47.5938px;\">Printing Method</td>\n<td class=\"URwL2w col col-9-12\" style=\"width: 45.1255%; height: 47.5938px;\">\n<ul>\n<li class=\"_21lJbe\">Inkjet</li>\n</ul>\n</td>\n</tr>\n<tr class=\"_1s_Smc row\" style=\"height: 47.5938px;\">\n<td class=\"_1hKmbr col col-3-12\" style=\"width: 47.3923%; height: 47.5938px;\">Type</td>\n<td class=\"URwL2w col col-9-12\" style=\"width: 45.1255%; height: 47.5938px;\">\n<ul>\n<li class=\"_21lJbe\">Multi-function</li>\n</ul>\n</td>\n</tr>\n<tr class=\"_1s_Smc row\" style=\"height: 47.5938px;\">\n<td class=\"_1hKmbr col col-3-12\" style=\"width: 47.3923%; height: 47.5938px;\">Model Name</td>\n<td class=\"URwL2w col col-9-12\" style=\"width: 45.1255%; height: 47.5938px;\">\n<ul>\n<li class=\"_21lJbe\">315</li>\n</ul>\n</td>\n</tr>\n<tr class=\"_1s_Smc row\" style=\"height: 47.5938px;\">\n<td class=\"_1hKmbr col col-3-12\" style=\"width: 47.3923%; height: 47.5938px;\">Printing Output</td>\n<td class=\"URwL2w col col-9-12\" style=\"width: 45.1255%; height: 47.5938px;\">\n<ul>\n<li class=\"_21lJbe\">Color</li>\n</ul>\n</td>\n</tr>\n<tr class=\"_1s_Smc row\" style=\"height: 47.5938px;\">\n<td class=\"_1hKmbr col col-3-12\" style=\"width: 47.3923%; height: 47.5938px;\">Functions</td>\n<td class=\"URwL2w col col-9-12\" style=\"width: 45.1255%; height: 47.5938px;\">\n<ul>\n<li class=\"_21lJbe\">Print, Copy, Scan</li>\n</ul>\n</td>\n</tr>\n<tr class=\"_1s_Smc row\" style=\"height: 47.5938px;\">\n<td class=\"_1hKmbr col col-3-12\" style=\"width: 47.3923%; height: 47.5938px;\">Brand</td>\n<td class=\"URwL2w col col-9-12\" style=\"width: 45.1255%; height: 47.5938px;\">\n<ul>\n<li class=\"_21lJbe\">HP</li>\n</ul>\n</td>\n</tr>\n<tr class=\"_1s_Smc row\" style=\"height: 47.5938px;\">\n<td class=\"_1hKmbr col col-3-12\" style=\"width: 47.3923%; height: 47.5938px;\">Refill Type</td>\n<td class=\"URwL2w col col-9-12\" style=\"width: 45.1255%; height: 47.5938px;\">\n<ul>\n<li class=\"_21lJbe\">Refillable Ink Tank</li>\n</ul>\n</td>\n</tr>\n<tr class=\"_1s_Smc row\" style=\"height: 67.1875px;\">\n<td class=\"_1hKmbr col col-3-12\" style=\"width: 47.3923%; height: 67.1875px;\">Ideal Usage</td>\n<td class=\"URwL2w col col-9-12\" style=\"width: 45.1255%; height: 67.1875px;\">\n<ul>\n<li class=\"_21lJbe\">Home &amp; Small Office</li>\n</ul>\n</td>\n</tr>\n<tr class=\"_1s_Smc row\" style=\"height: 47.5938px;\">\n<td class=\"_1hKmbr col col-3-12\" style=\"width: 47.3923%; height: 47.5938px;\">Voice Assistant Compatibility</td>\n<td class=\"URwL2w col col-9-12\" style=\"width: 45.1255%; height: 47.5938px;\">\n<ul>\n<li class=\"_21lJbe\">NA</li>\n</ul>\n</td>\n</tr>\n</tbody>\n</table>\n<div class=\"flxcaE\">Print</div>\n<table class=\"_14cfVK\">\n<tbody>\n<tr class=\"_1s_Smc row\">\n<td class=\"_1hKmbr col col-3-12\">Max Print Resolution (Colour)</td>\n<td class=\"URwL2w col col-9-12\">\n<ul>\n<li class=\"_21lJbe\">Up to 4800 x 1200 optimised colour dpi</li>\n</ul>\n</td>\n</tr>\n<tr class=\"_1s_Smc row\">\n<td class=\"_1hKmbr col col-3-12\">Print Speed Color</td>\n<td class=\"URwL2w col col-9-12\">\n<ul>\n<li class=\"_21lJbe\">15 ppm</li>\n</ul>\n</td>\n</tr>\n<tr class=\"_1s_Smc row\">\n<td class=\"_1hKmbr col col-3-12\">Print Speed Mono</td>\n<td class=\"URwL2w col col-9-12\">\n<ul>\n<li class=\"_21lJbe\">19 ppm</li>\n</ul>\n</td>\n</tr>\n<tr class=\"_1s_Smc row\">\n<td class=\"_1hKmbr col col-3-12\">Cost per Page (Color) - As per ISO Standards</td>\n<td class=\"URwL2w col col-9-12\">\n<ul>\n<li class=\"_21lJbe\">20 Paise</li>\n</ul>\n</td>\n</tr>\n<tr class=\"_1s_Smc row\">\n<td class=\"_1hKmbr col col-3-12\">Cost per Page (Black)- As per ISO Standards</td>\n<td class=\"URwL2w col col-9-12\">\n<ul>\n<li class=\"_21lJbe\">10 Paise</li>\n</ul>\n</td>\n</tr>\n<tr class=\"_1s_Smc row\">\n<td class=\"_1hKmbr col col-3-12\">Duplex Print</td>\n<td class=\"URwL2w col col-9-12\">\n<ul>\n<li class=\"_21lJbe\">Manual</li>\n</ul>\n</td>\n</tr>\n</tbody>\n</table>\n<p>&nbsp;</p>\n<div class=\"flxcaE\">Paper Handling</div>\n<table class=\"_14cfVK\">\n<tbody>\n<tr class=\"_1s_Smc row\">\n<td class=\"_1hKmbr col col-3-12\">Auto Document Feeder</td>\n<td class=\"URwL2w col col-9-12\">\n<ul>\n<li class=\"_21lJbe\">No</li>\n</ul>\n</td>\n</tr>\n<tr class=\"_1s_Smc row\">\n<td class=\"_1hKmbr col col-3-12\">Output tray capacity</td>\n<td class=\"URwL2w col col-9-12\">\n<ul>\n<li class=\"_21lJbe\">25 Sheets</li>\n</ul>\n</td>\n</tr>\n<tr class=\"_1s_Smc row\">\n<td class=\"_1hKmbr col col-3-12\">Input tray capacity</td>\n<td class=\"URwL2w col col-9-12\">\n<ul>\n<li class=\"_21lJbe\">60 Sheet</li>\n</ul>\n</td>\n</tr>\n</tbody>\n</table>\n<div class=\"_3k-BhJ\">&nbsp;</div>\n<div class=\"_3k-BhJ\">\n<div class=\"flxcaE\">Scan</div>\n<table class=\"_14cfVK\">\n<tbody>\n<tr class=\"_1s_Smc row\">\n<td class=\"_1hKmbr col col-3-12\">Optical scanning resolution</td>\n<td class=\"URwL2w col col-9-12\">\n<ul>\n<li class=\"_21lJbe\">Up to 1200 x 1200 dpi dpi</li>\n</ul>\n</td>\n</tr>\n</tbody>\n</table>\n<p>&nbsp;</p>\n</div>\n<div class=\"_3k-BhJ\">\n<div class=\"flxcaE\">Fax</div>\n<table class=\"_14cfVK\">\n<tbody>\n<tr class=\"_1s_Smc row\">\n<td class=\"_1hKmbr col col-3-12\">Resolution</td>\n<td class=\"URwL2w col col-9-12\">\n<ul>\n<li class=\"_21lJbe\">Up to 4800 x 1200 dpi dpi</li>\n</ul>\n</td>\n</tr>\n</tbody>\n</table>\n<p>&nbsp;</p>\n</div>\n<div class=\"_3k-BhJ\">\n<div class=\"flxcaE\">Dimensions And Weight</div>\n<table class=\"_14cfVK\">\n<tbody>\n<tr class=\"_1s_Smc row\">\n<td class=\"_1hKmbr col col-3-12\">Height</td>\n<td class=\"URwL2w col col-9-12\">\n<ul>\n<li class=\"_21lJbe\">15.8 cm</li>\n</ul>\n</td>\n</tr>\n<tr class=\"_1s_Smc row\">\n<td class=\"_1hKmbr col col-3-12\">Width</td>\n<td class=\"URwL2w col col-9-12\">\n<ul>\n<li class=\"_21lJbe\">52.5 cm</li>\n</ul>\n</td>\n</tr>\n<tr class=\"_1s_Smc row\">\n<td class=\"_1hKmbr col col-3-12\">Weight</td>\n<td class=\"URwL2w col col-9-12\">\n<ul>\n<li class=\"_21lJbe\">4.67 kg</li>\n</ul>\n</td>\n</tr>\n<tr class=\"_1s_Smc row\">\n<td class=\"_1hKmbr col col-3-12\">Depth</td>\n<td class=\"URwL2w col col-9-12\">\n<ul>\n<li class=\"_21lJbe\">31 cm</li>\n</ul>\n</td>\n</tr>\n</tbody>\n</table>\n</div>\n<div class=\"_3k-BhJ\">\n<div class=\"flxcaE\">Connectivity</div>\n<table class=\"_14cfVK\">\n<tbody>\n<tr class=\"_1s_Smc row\">\n<td class=\"_1hKmbr col col-3-12\">USB support</td>\n<td class=\"URwL2w col col-9-12\">\n<ul>\n<li class=\"_21lJbe\">USB 2.0</li>\n</ul>\n</td>\n</tr>\n<tr class=\"_1s_Smc row\">\n<td class=\"_1hKmbr col col-3-12\">Wireless Support</td>\n<td class=\"URwL2w col col-9-12\">\n<ul>\n<li class=\"_21lJbe\">No</li>\n</ul>\n</td>\n</tr>\n</tbody>\n</table>\n<p>&nbsp;</p>\n</div>\n<div class=\"_3k-BhJ\">\n<div class=\"flxcaE\">Compatible Inks/toners</div>\n<table class=\"_14cfVK\">\n<tbody>\n<tr class=\"_1s_Smc row\">\n<td class=\"_1hKmbr col col-3-12\">Compatible Colour Cartridge</td>\n<td class=\"URwL2w col col-9-12\">\n<ul>\n<li class=\"_21lJbe\">HP GT52 Cyan Original Ink Bottle, HP GT52 Magenta Original Ink Bottle, HP GT52 Yellow Original Ink Bottle</li>\n</ul>\n</td>\n</tr>\n<tr class=\"_1s_Smc row\">\n<td class=\"_1hKmbr col col-3-12\">Compatible Black cartridge</td>\n<td class=\"URwL2w col col-9-12\">\n<ul>\n<li class=\"_21lJbe\">HP GT53 Black Original Ink Bottle</li>\n</ul>\n</td>\n</tr>\n</tbody>\n</table>\n<p>&nbsp;</p>\n</div>\n<div class=\"_3k-BhJ\">\n<div class=\"flxcaE\">Sales Package</div>\n<table class=\"_14cfVK\">\n<tbody>\n<tr class=\"_1s_Smc row\">\n<td class=\"_1hKmbr col col-3-12\">In The Box</td>\n<td class=\"URwL2w col col-9-12\">\n<ul>\n<li class=\"_21lJbe\">Inkjet Printer 1N, (Black Ink Cartridge 1N,Color Ink Cartridge 1N,Power Cord 1N, USB Cable 1N,User Manual 5N)</li>\n</ul>\n</td>\n</tr>\n</tbody>\n</table>\n<p>&nbsp;</p>\n</div>\n</div>\n</div>\n</div>',10000,_binary '',11000,36,_binary '','HP 315 Multi-function Color Inkjet Printer','3fcf0e69-e977-42c7-b61c-41797f24f058.jpeg','9e8429d7-9255-483a-aa30-9af7df82e055'),('06e41a37-228b-4c63-9c99-5661b8a37946','2023-02-27 22:56:25.928000','<h1>Specifications</h1>\n<table style=\"border-collapse: collapse; width: 99.9896%; height: 173.565px;\" border=\"1\"><colgroup><col style=\"width: 49.9493%;\"><col style=\"width: 49.9493%;\"></colgroup>\n<tbody>\n<tr style=\"height: 47.5923px;\">\n<td style=\"height: 47.5923px;\">Sales Package</td>\n<td style=\"height: 47.5923px;\">\n<p>1 Mobile Back Cover</p>\n</td>\n</tr>\n<tr style=\"height: 47.5923px;\">\n<td style=\"height: 47.5923px;\">Model Number</td>\n<td style=\"height: 47.5923px;\">\n<p>FKSB-C-GL-PXL-6A-TRA</p>\n</td>\n</tr>\n<tr style=\"height: 19.5952px;\">\n<td style=\"height: 19.5952px;\">Vendor</td>\n<td style=\"height: 19.5952px;\">Google</td>\n</tr>\n</tbody>\n</table>',200,_binary '',700,10,_binary '\0','Flipkart SmartBuy Back Cover for Google Pixel 6A','272a7aa5-28ce-4a5b-86fe-0b4fcb2cc785.jpeg','d6590ba1-eb16-4894-bdab-231368732d14'),('07cbec7c-5cd5-41cd-ba40-3bccc975e53f','2023-02-24 15:55:47.753000','<p>This is testing product.</p>',80000,_binary '',85000,1,_binary '','Apple IPhone 14',NULL,'d6590ba1-eb16-4894-bdab-231368732d14'),('13eb5314-c841-47dd-9818-bc7f60235a45','2023-02-24 15:57:32.381000','<h1 class=\"a-size-base-plus a-text-bold\">About this item</h1>\n<ul class=\"a-unordered-list a-vertical a-spacing-mini\">\n<li><span class=\"a-list-item\">15.54 cm (6.1-inch) Super Retina XDR display featuring Always-On and ProMotion</span></li>\n<li><span class=\"a-list-item\">Dynamic Island, a magical new way to interact with iPhone</span></li>\n<li><span class=\"a-list-item\">48MP Main camera for up to 4x greater resolution</span></li>\n<li><span class=\"a-list-item\">Cinematic mode now in 4K Dolby Vision up to 30 fps</span></li>\n<li><span class=\"a-list-item\">Action mode for smooth, steady, handheld videos</span></li>\n</ul>\n<table class=\"a-bordered\">\n<tbody>\n<tr>\n<td>\n<p><strong>Display</strong></p>\n</td>\n<td>\n<p>6.1-inchSuper Retina XDR display with ProMotion</p>\n</td>\n</tr>\n<tr>\n<td>\n<p><strong>Capacity</strong></p>\n</td>\n<td>\n<p>128GB, 256GB, 512GB, 1TB</p>\n</td>\n</tr>\n<tr>\n<td>\n<p><strong>Splash, Water, and Dust Resistant</strong></p>\n</td>\n<td>\n<p>Ceramic Shield front, textured matte glass back and stainless steel design, water and dust resistant (rated IP68 - maximum depth of 6 meters up to 30 minutes)</p>\n</td>\n</tr>\n<tr>\n<td>\n<p><strong>Camera and Video</strong></p>\n</td>\n<td>\n<p>Pro camera system: 48MP Main, 12MP Ultrawide, and 12MP 2x Telephoto with Portrait mode, Depth Control, Portrait Lighting, Smart HDR 4, and 4K Dolby Vision HDR video up to 60 fps</p>\n</td>\n</tr>\n<tr>\n<td>\n<p><strong>Front Camera</strong></p>\n</td>\n<td>\n<p>12MP TrueDepth front camera with Portrait mode, Depth Control, Portrait Lighting, and Smart HDR 4</p>\n</td>\n</tr>\n<tr>\n<td>\n<p><strong>Power and Battery</strong></p>\n</td>\n<td>\n<p>Video playback: Up to 23 hours Video playback (streamed): Up to 20 hours Audio playback: Up to 75 hours 20W adapter or higher (sold separately) Fast-charge capable:Up to 50% charge in around 30 minutes with 20W adapter or higher (available separately)</p>\n</td>\n</tr>\n<tr>\n<td>\n<p><strong>In the Box</strong></p>\n</td>\n<td>\n<p>iPhone with iOS 16, USB-C to Lightning Cable, Documentation</p>\n</td>\n</tr>\n<tr>\n<td>\n<p><strong>Warranty</strong></p>\n</td>\n<td>\n<p>Apple-branded hardware product and accessories contained in the original packaging (&ldquo;Apple Product&rdquo;) come with a One-Year Limited Warranty. See&nbsp;apple.com/in/legal/warranty&nbsp;for more information.</p>\n</td>\n</tr>\n<tr>\n<td>\n<p><strong>Height</strong></p>\n</td>\n<td>\n<p>5.81 inches (147.5 mm)</p>\n</td>\n</tr>\n</tbody>\n</table>\n<table class=\"a-bordered\">\n<tbody>\n<tr>\n<td>\n<p><strong>Width</strong></p>\n</td>\n<td>\n<p>2.81 inches (71.5 mm)</p>\n</td>\n</tr>\n<tr>\n<td>\n<p><strong>Depth</strong></p>\n</td>\n<td>\n<p>0.31 inch (7.85 mm)</p>\n</td>\n</tr>\n<tr>\n<td>\n<p><strong>Weight</strong></p>\n</td>\n<td>\n<p>7.27 ounces (206 grams)</p>\n</td>\n</tr>\n</tbody>\n</table>\n<p>&nbsp;</p>\n<div class=\"a-fixed-left-grid a-spacing-base\">\n<div class=\"a-fixed-left-grid-inner\">\n<div class=\"a-fixed-left-grid-col a-col-right\">\n<div id=\"question-Tx1LLHGS9IK8PRT\" class=\"a-fixed-left-grid a-spacing-small\">\n<div class=\"a-fixed-left-grid-inner\">\n<div class=\"a-fixed-left-grid-col a-col-left\"><span class=\"a-text-bold\">Question:</span></div>\n<div class=\"a-fixed-left-grid-col a-col-right\"><a class=\"a-link-normal\" href=\"https://www.amazon.in/ask/questions/Tx1LLHGS9IK8PRT/ref=ask_dp_dpmw_al_hza\"><span class=\"a-declarative\" data-action=\"ask-log-click-csm\" data-csa-c-type=\"widget\" data-csa-c-func-deps=\"aui-da-ask-log-click-csm\" data-ask-log-click-csm=\"{&quot;metricName&quot;:&quot;ask-btf-top-question-text-click&quot;}\" data-csa-c-id=\"8k7cef-9jvu6k-cc0ftt-lefona\">When i phone 14 pro deep purple will be available</span></a></div>\n</div>\n</div>\n<div class=\"a-fixed-left-grid a-spacing-base\">\n<div class=\"a-fixed-left-grid-inner\">\n<div class=\"a-fixed-left-grid-col a-col-left\"><span class=\"a-text-bold\">Answer:</span></div>\n<div class=\"a-fixed-left-grid-col a-col-right\">All models are available since 11 September. The demand is too high and supply is too low. My experience was visiting the page every few hours until I was able to get one. Apple website and your local reseller are other options to purchase.<br><span id=\"askAuthorDetails\" class=\"a-color-tertiary a-nowrap\">By AmazonCustomer on 8 October, 2022</span></div>\n</div>\n</div>\n</div>\n</div>\n</div>\n<div class=\"a-fixed-left-grid a-spacing-base\">\n<div class=\"a-fixed-left-grid-inner\">\n<div class=\"a-fixed-left-grid-col a-col-left\">\n<p>&nbsp;</p>\n</div>\n<div class=\"a-fixed-left-grid-col a-col-right\">\n<div id=\"question-Tx1KQU5SICPLYTR\" class=\"a-fixed-left-grid a-spacing-small\">\n<div class=\"a-fixed-left-grid-inner\">\n<div class=\"a-fixed-left-grid-col a-col-left\"><span class=\"a-text-bold\">Question:</span></div>\n<div class=\"a-fixed-left-grid-col a-col-right\"><a class=\"a-link-normal\" href=\"https://www.amazon.in/ask/questions/Tx1KQU5SICPLYTR/ref=ask_dp_dpmw_al_hza\"><span class=\"a-declarative\" data-action=\"ask-log-click-csm\" data-csa-c-type=\"widget\" data-csa-c-func-deps=\"aui-da-ask-log-click-csm\" data-ask-log-click-csm=\"{&quot;metricName&quot;:&quot;ask-btf-top-question-text-click&quot;}\" data-csa-c-id=\"2x9u4-6cn6c1-kdyurm-7hn62f\">When can we see 14 pro 256gb variant?</span></a></div>\n</div>\n</div>\n<div class=\"a-fixed-left-grid a-spacing-base\">\n<div class=\"a-fixed-left-grid-inner\">\n<div class=\"a-fixed-left-grid-col a-col-left\"><span class=\"a-text-bold\">Answer:</span></div>\n<div class=\"a-fixed-left-grid-col a-col-right\"><span class=\"askExpanderContainer noScriptNotDisplayExpander\"><span class=\"askShortText\">The demand is extremely high for the lower memory variants. I pre ordered probably the only 128GB version in the initial week. I suspect stock arrives weekly. Might I suggest visiting a nearby reseller. Stock was available for many variants when I visited to purchase accessories. On Amazon, the limited stock is in focu&hellip;&nbsp;<a class=\"a-link-normal askSeeMore\" href=\"https://www.amazon.in/Apple-iPhone-256GB-Deep-Purple/dp/B0BDHV1TZ4/ref=sr_1_2_sspa?crid=BPVGLL3S9P0G&amp;keywords=iphone&amp;qid=1677578970&amp;sprefix=iphon%2Caps%2C230&amp;sr=8-2-spons&amp;sp_csd=d2lkZ2V0TmFtZT1zcF9hdGY&amp;th=1\" aria-label=\"Click to expand the content.\">see more</a></span></span><br><span id=\"askAuthorDetails\" class=\"a-color-tertiary a-nowrap\">By AmazonCustomer on 8 October, 2022</span></div>\n</div>\n</div>\n</div>\n</div>\n</div>\n<div class=\"a-fixed-left-grid a-spacing-base\">\n<div class=\"a-fixed-left-grid-inner\">\n<div class=\"a-fixed-left-grid-col a-col-left\">\n<p>&nbsp;</p>\n</div>\n<div class=\"a-fixed-left-grid-col a-col-right\">\n<div id=\"question-Tx1A4XDQYHGX3KN\" class=\"a-fixed-left-grid a-spacing-small\">\n<div class=\"a-fixed-left-grid-inner\">\n<div class=\"a-fixed-left-grid-col a-col-left\"><span class=\"a-text-bold\">Question:</span></div>\n<div class=\"a-fixed-left-grid-col a-col-right\"><a class=\"a-link-normal\" href=\"https://www.amazon.in/ask/questions/Tx1A4XDQYHGX3KN/ref=ask_dp_dpmw_al_hza\"><span class=\"a-declarative\" data-action=\"ask-log-click-csm\" data-csa-c-type=\"widget\" data-csa-c-func-deps=\"aui-da-ask-log-click-csm\" data-ask-log-click-csm=\"{&quot;metricName&quot;:&quot;ask-btf-top-question-text-click&quot;}\" data-csa-c-id=\"g3tvzi-5p9k9c-vwz6bg-7ykdu1\">Cai i get it on Baja card?</span></a></div>\n</div>\n</div>\n<div class=\"a-fixed-left-grid a-spacing-base\">\n<div class=\"a-fixed-left-grid-inner\">\n<div class=\"a-fixed-left-grid-col a-col-left\"><span class=\"a-text-bold\">Answer:</span></div>\n<div class=\"a-fixed-left-grid-col a-col-right\">Yes<br><span id=\"askAuthorDetails\" class=\"a-color-tertiary a-nowrap\">By N on 30 January, 2023</span></div>\n<div class=\"a-fixed-left-grid-col a-col-right\">&nbsp;</div>\n</div>\n</div>\n</div>\n</div>\n</div>\n<div class=\"a-fixed-left-grid a-spacing-base\">\n<div class=\"a-fixed-left-grid-inner\">\n<div class=\"a-fixed-left-grid-col a-col-right\">\n<div id=\"question-Tx1B3WQ6TEGREEP\" class=\"a-fixed-left-grid a-spacing-small\">\n<div class=\"a-fixed-left-grid-inner\">\n<div class=\"a-fixed-left-grid-col a-col-left\"><span class=\"a-text-bold\">Question:</span></div>\n<div class=\"a-fixed-left-grid-col a-col-right\"><a class=\"a-link-normal\" href=\"https://www.amazon.in/ask/questions/Tx1B3WQ6TEGREEP/ref=ask_dp_dpmw_al_hza\"><span class=\"a-declarative\" data-action=\"ask-log-click-csm\" data-csa-c-type=\"widget\" data-csa-c-func-deps=\"aui-da-ask-log-click-csm\" data-ask-log-click-csm=\"{&quot;metricName&quot;:&quot;ask-btf-top-question-text-click&quot;}\" data-csa-c-id=\"cfzmdh-kpsj0w-91sjgt-c0atfg\">Tell me reson ? why pro max is stil unaivleble</span></a></div>\n</div>\n</div>\n<div class=\"a-fixed-left-grid a-spacing-base\">\n<div class=\"a-fixed-left-grid-inner\">\n<div class=\"a-fixed-left-grid-col a-col-left\"><span class=\"a-text-bold\">Answer:</span></div>\n<div class=\"a-fixed-left-grid-col a-col-right\">Lot of demand for pro phones this year.<br><span id=\"askAuthorDetails\" class=\"a-color-tertiary a-nowrap\">By Ashwas on 21 October, 2022</span></div>\n</div>\n</div>\n</div>\n</div>\n</div>',100000,_binary '',120000,1,_binary '\0','Apple IPhone 13 Pro Max','9d8d97b2-444d-4ccf-aedb-224ed9db8efe.png','d6590ba1-eb16-4894-bdab-231368732d14'),('1c28adc9-76e2-4924-916c-93874a3f871f','2023-02-24 16:41:49.951000','\nDive into a world of crystal-clear visuals with this iPhone’s Super Retina XDR Display. This beast of a smartphone packs the A14 Bionic chip to make for blazing-fast performance speeds. On top of that, its Dual-camera System, along with Night Mode, helps you click amazing pictures and selfies even when the lighting isn’t as good as you’d want it to be.',65000,_binary '',75000,8,_binary '','APPLE iPhone 12 mini (Red, 256 GB)','479fd55e-37cb-4bee-abd5-c5184d5805a8.jpeg','d6590ba1-eb16-4894-bdab-231368732d14'),('71f433c1-6cbd-488b-b381-d0f2807498fa','2023-03-03 17:54:28.857000','<h1>SAMSUNG Galaxy Tab A7 Lite 3 GB RAM 32 GB ROM 8.7 inches with Wi-Fi Only Tablet (Grey)</h1>\n<p>Don\'t sacrifice style for convenience. Galaxy Tab A7 Lite gives you both in a slim package.This highly portable tablet packs easily into your bag and doesn\'t hold you back with heaviness. Choose between a sleek Gray or a Silver finish.</p>\n<div class=\"_5pFuey\">Specifications</div>\n<div>\n<div class=\"_1UhVsV\">\n<div class=\"_3k-BhJ\">\n<div class=\"flxcaE\">General</div>\n<table class=\"_14cfVK\">\n<tbody>\n<tr class=\"_1s_Smc row\">\n<td class=\"_1hKmbr col col-3-12\">Model Number</td>\n<td class=\"URwL2w col col-9-12\">\n<ul>\n<li class=\"_21lJbe\">SM-T220NZAAINS/SM-T220NZAAINU</li>\n</ul>\n</td>\n</tr>\n<tr class=\"_1s_Smc row\">\n<td class=\"_1hKmbr col col-3-12\">Model Name</td>\n<td class=\"URwL2w col col-9-12\">\n<ul>\n<li class=\"_21lJbe\">Galaxy Tab A7 Lite</li>\n</ul>\n</td>\n</tr>\n<tr class=\"_1s_Smc row\">\n<td class=\"_1hKmbr col col-3-12\">Color</td>\n<td class=\"URwL2w col col-9-12\">\n<ul>\n<li class=\"_21lJbe\">Grey</li>\n</ul>\n</td>\n</tr>\n<tr class=\"_1s_Smc row\">\n<td class=\"_1hKmbr col col-3-12\">Connectivity</td>\n<td class=\"URwL2w col col-9-12\">\n<ul>\n<li class=\"_21lJbe\">Wi-Fi Only</li>\n</ul>\n</td>\n</tr>\n<tr class=\"_1s_Smc row\">\n<td class=\"_1hKmbr col col-3-12\">OS</td>\n<td class=\"URwL2w col col-9-12\">\n<ul>\n<li class=\"_21lJbe\">Android</li>\n</ul>\n</td>\n</tr>\n<tr class=\"_1s_Smc row\">\n<td class=\"_1hKmbr col col-3-12\">Operating System Version</td>\n<td class=\"URwL2w col col-9-12\">\n<ul>\n<li class=\"_21lJbe\">11</li>\n</ul>\n</td>\n</tr>\n<tr class=\"_1s_Smc row\">\n<td class=\"_1hKmbr col col-3-12\">RAM</td>\n<td class=\"URwL2w col col-9-12\">\n<ul>\n<li class=\"_21lJbe\">3 GB</li>\n</ul>\n</td>\n</tr>\n<tr class=\"_1s_Smc row\">\n<td class=\"_1hKmbr col col-3-12\">Voice Call</td>\n<td class=\"URwL2w col col-9-12\">\n<ul>\n<li class=\"_21lJbe\">No</li>\n</ul>\n</td>\n</tr>\n<tr class=\"_1s_Smc row\">\n<td class=\"_1hKmbr col col-3-12\">Display Resolution Type</td>\n<td class=\"URwL2w col col-9-12\">\n<ul>\n<li class=\"_21lJbe\">Full HD</li>\n</ul>\n</td>\n</tr>\n<tr class=\"_1s_Smc row\">\n<td class=\"_1hKmbr col col-3-12\">Video Call</td>\n<td class=\"URwL2w col col-9-12\">\n<ul>\n<li class=\"_21lJbe\">Yes</li>\n</ul>\n</td>\n</tr>\n<tr class=\"_1s_Smc row\">\n<td class=\"_1hKmbr col col-3-12\">HD Video Call</td>\n<td class=\"URwL2w col col-9-12\">\n<ul>\n<li class=\"_21lJbe\">Yes</li>\n</ul>\n</td>\n</tr>\n<tr class=\"_1s_Smc row\">\n<td class=\"_1hKmbr col col-3-12\">Processor Type</td>\n<td class=\"URwL2w col col-9-12\">\n<ul>\n<li class=\"_21lJbe\">MediaTek_MT8768T</li>\n</ul>\n</td>\n</tr>\n<tr class=\"_1s_Smc row\">\n<td class=\"_1hKmbr col col-3-12\">Series</td>\n<td class=\"URwL2w col col-9-12\">\n<ul>\n<li class=\"_21lJbe\">Tablet A Series</li>\n</ul>\n</td>\n</tr>\n</tbody>\n</table>\n<div class=\"flxcaE\">Product Details</div>\n<table class=\"_14cfVK\">\n<tbody>\n<tr class=\"_1s_Smc row\">\n<td class=\"_1hKmbr col col-3-12\">Display Size</td>\n<td class=\"URwL2w col col-9-12\">\n<ul>\n<li class=\"_21lJbe\">22.1 cm (8.7 inches)</li>\n</ul>\n</td>\n</tr>\n<tr class=\"_1s_Smc row\">\n<td class=\"_1hKmbr col col-3-12\">Sales Package</td>\n<td class=\"URwL2w col col-9-12\">\n<ul>\n<li class=\"_21lJbe\">Tablet, Travel Adaptor, Data Cable, Ejection Pin, QSG</li>\n</ul>\n</td>\n</tr>\n<tr class=\"_1s_Smc row\">\n<td class=\"_1hKmbr col col-3-12\">Display Resolution</td>\n<td class=\"URwL2w col col-9-12\">\n<ul>\n<li class=\"_21lJbe\">1340 X 800 Pixels</li>\n</ul>\n</td>\n</tr>\n<tr class=\"_1s_Smc row\">\n<td class=\"_1hKmbr col col-3-12\">Primary Camera</td>\n<td class=\"URwL2w col col-9-12\">\n<ul>\n<li class=\"_21lJbe\">8 Megapixels</li>\n</ul>\n</td>\n</tr>\n<tr class=\"_1s_Smc row\">\n<td class=\"_1hKmbr col col-3-12\">Internal Storage</td>\n<td class=\"URwL2w col col-9-12\">\n<ul>\n<li class=\"_21lJbe\">32 GB</li>\n</ul>\n</td>\n</tr>\n<tr class=\"_1s_Smc row\">\n<td class=\"_1hKmbr col col-3-12\">Processor Speed</td>\n<td class=\"URwL2w col col-9-12\">\n<ul>\n<li class=\"_21lJbe\">2.3 GHz</li>\n</ul>\n</td>\n</tr>\n<tr class=\"_1s_Smc row\">\n<td class=\"_1hKmbr col col-3-12\">Multi-touch</td>\n<td class=\"URwL2w col col-9-12\">\n<ul>\n<li class=\"_21lJbe\">Yes</li>\n</ul>\n</td>\n</tr>\n<tr class=\"_1s_Smc row\">\n<td class=\"_1hKmbr col col-3-12\">Sim Type</td>\n<td class=\"URwL2w col col-9-12\">\n<ul>\n<li class=\"_21lJbe\">No Sim</li>\n</ul>\n</td>\n</tr>\n<tr class=\"_1s_Smc row\">\n<td class=\"_1hKmbr col col-3-12\">ROM</td>\n<td class=\"URwL2w col col-9-12\">\n<ul>\n<li class=\"_21lJbe\">32 GB</li>\n</ul>\n</td>\n</tr>\n</tbody>\n</table>\n<div class=\"flxcaE\">Battery Features</div>\n<table class=\"_14cfVK\">\n<tbody>\n<tr class=\"_1s_Smc row\">\n<td class=\"_1hKmbr col col-3-12\">Battery Capacity</td>\n<td class=\"URwL2w col col-9-12\">\n<ul>\n<li class=\"_21lJbe\">5100 mAh</li>\n</ul>\n<p>&nbsp;</p>\n</td>\n</tr>\n</tbody>\n</table>\n<div class=\"flxcaE\">Warranty</div>\n<table class=\"_14cfVK\">\n<tbody>\n<tr class=\"_1s_Smc row\">\n<td class=\"_1hKmbr col col-3-12\">Warranty</td>\n<td class=\"URwL2w col col-9-12\">\n<ul>\n<li class=\"_21lJbe\">1 Year</li>\n</ul>\n</td>\n</tr>\n<tr class=\"_1s_Smc row\">\n<td class=\"_1hKmbr col col-3-12\">Warranty Summary</td>\n<td class=\"URwL2w col col-9-12\">\n<ul>\n<li class=\"_21lJbe\">1 Year Manufacturer Warranty for Tablet and 6 Months Warranty for in the Box Accessories</li>\n</ul>\n</td>\n</tr>\n<tr class=\"_1s_Smc row\">\n<td class=\"_1hKmbr col col-3-12\">Covered in Warranty</td>\n<td class=\"URwL2w col col-9-12\">\n<ul>\n<li class=\"_21lJbe\">1 Year Manufacturer Warranty for Tablet and 6 Months Warranty for in the Box Accessories</li>\n</ul>\n</td>\n</tr>\n<tr class=\"_1s_Smc row\">\n<td class=\"_1hKmbr col col-3-12\">Warranty Period</td>\n<td class=\"URwL2w col col-9-12\">\n<ul>\n<li class=\"_21lJbe\">1 Year</li>\n</ul>\n</td>\n</tr>\n</tbody>\n</table>\n<p>&nbsp;</p>\n<div class=\"row _1uIQVx\">\n<div class=\"_2n4XY2 _1d7nTU col\">Questions and Answers</div>\n<div class=\"col AJmKFS\">&nbsp;</div>\n</div>\n<div class=\"\">\n<div class=\"_1RWRBu\">\n<div>\n<div class=\"_1xR0kG _3cziW5\"><span class=\"_3PSmm0\">Q:</span>does it support sim?</div>\n<div>\n<div class=\"_2yeNfb\"><span class=\"_3PSmm0\">A:</span>Yes</div>\n<div class=\"_1OuUqT\">\n<div class=\"_1nBIs6\">\n<div class=\"qLyyvN\"><span class=\"_2GEIK5\">Paras Parekh</span></div>\n<span class=\"OE2Dzi\">Certified Buyer</span></div>\n<div class=\"_1O5m0R\">\n<div class=\"_1LmwT9 _1EEi-k\"><span class=\"_3c3Px5\">78</span></div>\n<div class=\"_1LmwT9 pkR4jH _1EEi-k\"><span class=\"_3c3Px5\">18</span></div>\n</div>\n<div class=\"_2bmov8\">&nbsp;</div>\n</div>\n</div>\n</div>\n</div>\n<div class=\"_1RWRBu\">\n<div>\n<div class=\"_1xR0kG _3cziW5\"><span class=\"_3PSmm0\">Q:</span>What is the type of charger</div>\n<div>\n<div class=\"_2yeNfb\"><span class=\"_3PSmm0\">A:</span>It is a C type charger...</div>\n<div class=\"_1OuUqT\">\n<div class=\"_1nBIs6\">\n<div class=\"qLyyvN\"><span class=\"_2GEIK5\">Flipkart Customer</span></div>\n<span class=\"OE2Dzi\">Certified Buyer</span></div>\n<div class=\"_1O5m0R\">\n<div class=\"_1LmwT9 _1EEi-k\"><span class=\"_3c3Px5\">58</span></div>\n<div class=\"_1LmwT9 pkR4jH _1EEi-k\"><span class=\"_3c3Px5\">12</span></div>\n</div>\n<div class=\"_2bmov8\">&nbsp;</div>\n</div>\n</div>\n</div>\n</div>\n<div class=\"_1RWRBu\">\n<div>\n<div class=\"_1xR0kG _3cziW5\"><span class=\"_3PSmm0\">Q:</span>Can we use oen</div>\n<div>\n<div class=\"_2yeNfb\"><span class=\"_3PSmm0\">A:</span>Yes</div>\n<div class=\"_1OuUqT\">\n<div class=\"_1nBIs6\">\n<div class=\"qLyyvN\"><span class=\"_2GEIK5\">GHANSHYAM TRIVEDI</span></div>\n<span class=\"OE2Dzi\">Certified Buyer</span></div>\n</div>\n</div>\n</div>\n</div>\n</div>\n</div>\n</div>\n</div>',12000,_binary '',15000,30,_binary '','SAMSUNG Galaxy Tab A7 Lite ','fcf5d241-599b-4ee6-a5a7-8af8e0b0f917.jpeg','9e8429d7-9255-483a-aa30-9af7df82e055'),('787a4e8f-df56-4cc8-9fdb-d73de58c1c5b','2023-02-24 16:14:31.839000','<p>Get an HP Chromebook laptop to boost productivity and add some style to your desk. The HP intel Celeron Dual Core laptop gives a theater-like experience from the comfort of your lap thanks to speakers tuned by B&amp;O\'s audio specialists and a micro-edge HD+ touch display. Additionally, you can enjoy the dynamic speed you require to get things done thanks to an Intel Core Processor, ample storage, and up to 12-hour battery life. This laptop is a fantastic addition to your workstation since it starts up in less than ten seconds and is regularly updated to perform at its optimum.</p>',24000,_binary '',31000,55,_binary '','HP intel Celeron Dual Core','cb38f33a-3ee1-4ba9-9045-592eb585947e.jpeg','9e8429d7-9255-483a-aa30-9af7df82e055'),('83bbfdd3-b964-4c1f-aae5-303524cdfa2e','2023-03-07 23:12:11.451000','<h2>HP Smart Tank 500 Multi-function Color Inkjet Printer (Color Page Cost: 20 Paise | Black Page Cost: 10 Paise)&nbsp;&nbsp;(Black, Ink Tank)</h2>\n<p>With the HP Smart Tank 500 Multi-function Color Printer in your home, print a large number of colored and/or black and white pages at a low cost. This printer features an Automatic Ink Sensor to help you refill the ink timely and a Spill-free Ink Management for efficiency. Also, this All-in-one printer is compact, and you can conveniently keep it in your home.</p>\n<div class=\"_5pFuey\">Specifications</div>\n<div>\n<div class=\"_1UhVsV\">\n<div class=\"_3k-BhJ\">\n<div class=\"flxcaE\">General</div>\n<table class=\"_14cfVK\">\n<tbody>\n<tr class=\"_1s_Smc row\">\n<td class=\"_1hKmbr col col-3-12\">Printing Method</td>\n<td class=\"URwL2w col col-9-12\">\n<ul>\n<li class=\"_21lJbe\">Inkjet</li>\n</ul>\n</td>\n</tr>\n<tr class=\"_1s_Smc row\">\n<td class=\"_1hKmbr col col-3-12\">Type</td>\n<td class=\"URwL2w col col-9-12\">\n<ul>\n<li class=\"_21lJbe\">Multi-function</li>\n</ul>\n</td>\n</tr>\n<tr class=\"_1s_Smc row\">\n<td class=\"_1hKmbr col col-3-12\">Model Name</td>\n<td class=\"URwL2w col col-9-12\">\n<ul>\n<li class=\"_21lJbe\">Smart Tank 500</li>\n</ul>\n</td>\n</tr>\n<tr class=\"_1s_Smc row\">\n<td class=\"_1hKmbr col col-3-12\">Printing Output</td>\n<td class=\"URwL2w col col-9-12\">\n<ul>\n<li class=\"_21lJbe\">Color</li>\n</ul>\n</td>\n</tr>\n<tr class=\"_1s_Smc row\">\n<td class=\"_1hKmbr col col-3-12\">Functions</td>\n<td class=\"URwL2w col col-9-12\">\n<ul>\n<li class=\"_21lJbe\">Print, Copy, Scan</li>\n</ul>\n</td>\n</tr>\n<tr class=\"_1s_Smc row\">\n<td class=\"_1hKmbr col col-3-12\">Brand</td>\n<td class=\"URwL2w col col-9-12\">\n<ul>\n<li class=\"_21lJbe\">HP</li>\n</ul>\n</td>\n</tr>\n<tr class=\"_1s_Smc row\">\n<td class=\"_1hKmbr col col-3-12\">Refill Type</td>\n<td class=\"URwL2w col col-9-12\">\n<ul>\n<li class=\"_21lJbe\">Refillable Ink Tank</li>\n</ul>\n</td>\n</tr>\n<tr class=\"_1s_Smc row\">\n<td class=\"_1hKmbr col col-3-12\">Ideal Usage</td>\n<td class=\"URwL2w col col-9-12\">\n<ul>\n<li class=\"_21lJbe\">Home &amp; Small Office</li>\n</ul>\n</td>\n</tr>\n<tr class=\"_1s_Smc row\">\n<td class=\"_1hKmbr col col-3-12\">Voice Assistant Compatibility</td>\n<td class=\"URwL2w col col-9-12\">\n<ul>\n<li class=\"_21lJbe\">NA</li>\n</ul>\n</td>\n</tr>\n</tbody>\n</table>\n<div class=\"flxcaE\">Print</div>\n<table class=\"_14cfVK\">\n<tbody>\n<tr class=\"_1s_Smc row\">\n<td class=\"_1hKmbr col col-3-12\">Max Print Resolution (Colour)</td>\n<td class=\"URwL2w col col-9-12\">\n<ul>\n<li class=\"_21lJbe\">Up to 4800 x 1200 optimised colour dpi</li>\n</ul>\n</td>\n</tr>\n<tr class=\"_1s_Smc row\">\n<td class=\"_1hKmbr col col-3-12\">Cost per Page (Color) - As per ISO Standards</td>\n<td class=\"URwL2w col col-9-12\">\n<ul>\n<li class=\"_21lJbe\">20 Paise</li>\n</ul>\n</td>\n</tr>\n<tr class=\"_1s_Smc row\">\n<td class=\"_1hKmbr col col-3-12\">Cost per Page (Black)- As per ISO Standards</td>\n<td class=\"URwL2w col col-9-12\">\n<ul>\n<li class=\"_21lJbe\">10 Paise</li>\n</ul>\n</td>\n</tr>\n<tr class=\"_1s_Smc row\">\n<td class=\"_1hKmbr col col-3-12\">Duplex Print</td>\n<td class=\"URwL2w col col-9-12\">\n<ul>\n<li class=\"_21lJbe\">Manual</li>\n</ul>\n</td>\n</tr>\n</tbody>\n</table>\n<p>&nbsp;</p>\n<p>&nbsp;</p>\n<div class=\"_3k-BhJ\">\n<div class=\"flxcaE\">Paper Handling</div>\n<table class=\"_14cfVK\">\n<tbody>\n<tr class=\"_1s_Smc row\">\n<td class=\"_1hKmbr col col-3-12\">Auto Document Feeder</td>\n<td class=\"URwL2w col col-9-12\">\n<ul>\n<li class=\"_21lJbe\">No</li>\n</ul>\n</td>\n</tr>\n<tr class=\"_1s_Smc row\">\n<td class=\"_1hKmbr col col-3-12\">Output tray capacity</td>\n<td class=\"URwL2w col col-9-12\">\n<ul>\n<li class=\"_21lJbe\">30 Sheets</li>\n</ul>\n</td>\n</tr>\n<tr class=\"_1s_Smc row\">\n<td class=\"_1hKmbr col col-3-12\">Input tray capacity</td>\n<td class=\"URwL2w col col-9-12\">\n<ul>\n<li class=\"_21lJbe\">100 Sheet</li>\n</ul>\n</td>\n</tr>\n</tbody>\n</table>\n</div>\n<div class=\"_3k-BhJ\">\n<div class=\"flxcaE\">Scan</div>\n<table class=\"_14cfVK\">\n<tbody>\n<tr class=\"_1s_Smc row\">\n<td class=\"_1hKmbr col col-3-12\">Optical scanning resolution</td>\n<td class=\"URwL2w col col-9-12\">\n<ul>\n<li class=\"_21lJbe\">Optical-Up to 1200 dpi dpi</li>\n</ul>\n</td>\n</tr>\n</tbody>\n</table>\n</div>\n<div class=\"_3k-BhJ\">\n<div class=\"flxcaE\">Fax</div>\n<table class=\"_14cfVK\">\n<tbody>\n<tr class=\"_1s_Smc row\">\n<td class=\"_1hKmbr col col-3-12\">Resolution</td>\n<td class=\"URwL2w col col-9-12\">\n<ul>\n<li class=\"_21lJbe\">Up to 4800 x 1200 dpi dpi</li>\n</ul>\n</td>\n</tr>\n</tbody>\n</table>\n</div>\n<div class=\"_3k-BhJ\">\n<div class=\"flxcaE\">Dimensions And Weight</div>\n<table class=\"_14cfVK\">\n<tbody>\n<tr class=\"_1s_Smc row\">\n<td class=\"_1hKmbr col col-3-12\">Height</td>\n<td class=\"URwL2w col col-9-12\">\n<ul>\n<li class=\"_21lJbe\">15.8 cm</li>\n</ul>\n</td>\n</tr>\n<tr class=\"_1s_Smc row\">\n<td class=\"_1hKmbr col col-3-12\">Width</td>\n<td class=\"URwL2w col col-9-12\">\n<ul>\n<li class=\"_21lJbe\">44.7 cm</li>\n</ul>\n</td>\n</tr>\n<tr class=\"_1s_Smc row\">\n<td class=\"_1hKmbr col col-3-12\">Weight</td>\n<td class=\"URwL2w col col-9-12\">\n<ul>\n<li class=\"_21lJbe\">5.14 kg</li>\n</ul>\n</td>\n</tr>\n<tr class=\"_1s_Smc row\">\n<td class=\"_1hKmbr col col-3-12\">Depth</td>\n<td class=\"URwL2w col col-9-12\">\n<ul>\n<li class=\"_21lJbe\">37.3 cm</li>\n</ul>\n</td>\n</tr>\n</tbody>\n</table>\n</div>\n<div class=\"_3k-BhJ\">\n<div class=\"flxcaE\">Connectivity</div>\n<table class=\"_14cfVK\">\n<tbody>\n<tr class=\"_1s_Smc row\">\n<td class=\"_1hKmbr col col-3-12\">Wireless Support</td>\n<td class=\"URwL2w col col-9-12\">\n<ul>\n<li class=\"_21lJbe\">No</li>\n</ul>\n</td>\n</tr>\n</tbody>\n</table>\n</div>\n<div class=\"_3k-BhJ\">\n<div class=\"flxcaE\">Compatible Inks/toners</div>\n<table class=\"_14cfVK\">\n<tbody>\n<tr class=\"_1s_Smc row\">\n<td class=\"_1hKmbr col col-3-12\">Compatible Colour Cartridge</td>\n<td class=\"URwL2w col col-9-12\">\n<ul>\n<li class=\"_21lJbe\">HP GT52 Cyan Original Ink Bottle, HP GT52 Magenta Original Ink Bottle, HP GT52 Yellow Original Ink Bottle</li>\n</ul>\n</td>\n</tr>\n<tr class=\"_1s_Smc row\">\n<td class=\"_1hKmbr col col-3-12\">Compatible Black cartridge</td>\n<td class=\"URwL2w col col-9-12\">\n<ul>\n<li class=\"_21lJbe\">HP GT53 Black Original Ink Bottle</li>\n</ul>\n</td>\n</tr>\n</tbody>\n</table>\n</div>\n<div class=\"_3k-BhJ\">&nbsp;</div>\n<div class=\"_3k-BhJ\">&nbsp;</div>\n<div class=\"_3k-BhJ\">\n<div class=\"flxcaE\">&nbsp;</div>\n<div class=\"flxcaE\">&nbsp;</div>\n<div class=\"flxcaE\">Sales Package</div>\n<table class=\"_14cfVK\">\n<tbody>\n<tr class=\"_1s_Smc row\">\n<td class=\"_1hKmbr col col-3-12\">In The Box</td>\n<td class=\"URwL2w col col-9-12\">\n<ul>\n<li class=\"_21lJbe\">Inkjet Printer 1N, (Black Ink Cartridge 1N,Color Ink Cartridge 1N,Power Cord 1N, USB Cable 1N,User Manual 5N)</li>\n</ul>\n</td>\n</tr>\n</tbody>\n</table>\n</div>\n<p>&nbsp;</p>\n</div>\n</div>\n</div>',11500,_binary '',15000,15,_binary '','HP Smart Tank 500 Multi-function Color Inkjet Printer ','2cbdba4f-9f1d-49cb-974c-fb118134564f.jpeg','9e8429d7-9255-483a-aa30-9af7df82e055'),('9b292dc2-a57e-4daf-baf9-ea55ed78765d','2023-02-24 16:44:03.345000','<p>FaceTime Video, Centre Stage, iPad to any FaceTime-Enabled Device over Wi-Fi or Cellular, Stereo Speakers (landscape), Dual Microphones for Calls, Video Recording and Audio Recording, Digital Compass, iBeacon Micro Location, Accessibility Features: Voice Control, Magnifier, Closed Captions, VoiceOver, Siri and Dictation, AssistiveTouch, Zoom, Switch Control, Spoken Content</p>',49000,_binary '',50000,2,_binary '','APPLE iPad mini (6th Gen) 64 GB ROM 8.3 inch with Wi-Fi Only (Purple)','29535547-ab7c-41f6-a52e-661205fb4fd0.jpeg','d6590ba1-eb16-4894-bdab-231368732d14'),('be6201e5-f54b-4383-9cc5-ad08f6336441','2023-02-24 18:14:40.380000','<p>Featuring a 24.2-megapixel Exmor CMOS image sensor and the BIONZ X image processor, this mirrorless camera from Sony offers low-noise performance to ensure that your images are crystal clear. It also takes advantage of the AF Tracking Technology, so you can even click pictures of moving objects without any hassle.</p>',75000,_binary '',80000,50,_binary '','SONY Alpha ILCE-6100Y APS-C Mirrorless Camera','c35ac323-bc4e-437c-bec3-ef0099e258dd.jpeg','9e8429d7-9255-483a-aa30-9af7df82e055'),('c6aabe01-c99c-45d2-9cfd-7a7ad83fbdc8','2023-02-24 16:10:53.637000','<p>This is testing product for iphone.</p>',55000,_binary '',60000,5,_binary '\0','Apple iPhone 12','744c86f6-a2b4-4c58-8eda-df0c3aece959.jpeg','d6590ba1-eb16-4894-bdab-231368732d14'),('d314dcda-15a6-43cb-abb0-2de9f5136e10','2023-02-24 15:59:57.597000','<h1 class=\"a-size-base-plus a-text-bold\">About this item</h1>\n<ul class=\"a-unordered-list a-vertical a-spacing-mini\">\n<li><span class=\"a-list-item\">The first Galaxy S with embedded S Pen. Write comfortably like pen on paper, turn quick notes into legible text and use Air Actions to control your phone remotely. Improved latency in Samsung Notes makes every pen stroke feel as natural as ink on paper &mdash; and you can convert those hastily written ideas into legible text.</span></li>\n<li><span class=\"a-list-item\">5G Ready powered by Galaxy&rsquo;s first 4nm processor. Our fastest, most powerful chip ever. That means, a faster CPU and GPU compared to Galaxy S21 Ultra. It&rsquo;s an epic leap for smartphone technology.</span></li>\n<li><span class=\"a-list-item\">The Dynamic AMOLED 2x display improves outdoor visibility with up to 1750 nits in peak brightness.* And the 120Hz adaptive refresh rate keeps the scroll smooth, adjusting to what\'s on screen for an optimized view.</span></li>\n<li><span class=\"a-list-item\">Our most advanced Pro-grade Camera yet, packing the power of a professional\'s kit in one handheld device. Also lets you make your nights epic with Nightography: The sensor pulls in more light, the Super Clear Lens tones down lens flare, and fast-acting AI delivers near-instant intelligent processing.</span></li>\n<li><span class=\"a-list-item\">Connector type: usb type c</span></li>\n</ul>\n<table id=\"productDetails_techSpec_section_1\" class=\"a-keyvalue prodDetTable\" role=\"presentation\">\n<tbody>\n<tr>\n<th class=\"a-color-secondary a-size-base prodDetSectionEntry\">OS</th>\n<td class=\"a-size-base prodDetAttrValue\">&lrm;Android 12.0</td>\n</tr>\n<tr>\n<th class=\"a-color-secondary a-size-base prodDetSectionEntry\">RAM</th>\n<td class=\"a-size-base prodDetAttrValue\">&lrm;12 GB</td>\n</tr>\n<tr>\n<th class=\"a-color-secondary a-size-base prodDetSectionEntry\">Product Dimensions</th>\n<td class=\"a-size-base prodDetAttrValue\">&lrm;0.9 x 7.8 x 16.3 cm; 228 Grams</td>\n</tr>\n<tr>\n<th class=\"a-color-secondary a-size-base prodDetSectionEntry\">Batteries</th>\n<td class=\"a-size-base prodDetAttrValue\">&lrm;1 Lithium Ion batteries required. (included)</td>\n</tr>\n<tr>\n<th class=\"a-color-secondary a-size-base prodDetSectionEntry\">Item model number</th>\n<td class=\"a-size-base prodDetAttrValue\">&lrm;SM-S908EDRGINU</td>\n</tr>\n<tr>\n<th class=\"a-color-secondary a-size-base prodDetSectionEntry\">Wireless communication technologies</th>\n<td class=\"a-size-base prodDetAttrValue\">&lrm;Cellular</td>\n</tr>\n<tr>\n<th class=\"a-color-secondary a-size-base prodDetSectionEntry\">Connectivity technologies</th>\n<td class=\"a-size-base prodDetAttrValue\">&lrm;Bluetooth, Wi-Fi, USB</td>\n</tr>\n<tr>\n<th class=\"a-color-secondary a-size-base prodDetSectionEntry\">GPS</th>\n<td class=\"a-size-base prodDetAttrValue\">&lrm;True</td>\n</tr>\n<tr>\n<th class=\"a-color-secondary a-size-base prodDetSectionEntry\">Special features</th>\n<td class=\"a-size-base prodDetAttrValue\">&lrm;Fast Charging Support, Wireless Charging</td>\n</tr>\n<tr>\n<th class=\"a-color-secondary a-size-base prodDetSectionEntry\">Display technology</th>\n<td class=\"a-size-base prodDetAttrValue\">&lrm;AMOLED</td>\n</tr>\n<tr>\n<th class=\"a-color-secondary a-size-base prodDetSectionEntry\">Other display features</th>\n<td class=\"a-size-base prodDetAttrValue\">&lrm;Wireless</td>\n</tr>\n<tr>\n<th class=\"a-color-secondary a-size-base prodDetSectionEntry\">Device interface - primary</th>\n<td class=\"a-size-base prodDetAttrValue\">&lrm;Touchscreen</td>\n</tr>\n<tr>\n<th class=\"a-color-secondary a-size-base prodDetSectionEntry\">Other camera features</th>\n<td class=\"a-size-base prodDetAttrValue\">&lrm;Rear, Front</td>\n</tr>\n<tr>\n<th class=\"a-color-secondary a-size-base prodDetSectionEntry\">Form factor</th>\n<td class=\"a-size-base prodDetAttrValue\">&lrm;Bar</td>\n</tr>\n<tr>\n<th class=\"a-color-secondary a-size-base prodDetSectionEntry\">Colour</th>\n<td class=\"a-size-base prodDetAttrValue\">&lrm;Dark Red</td>\n</tr>\n<tr>\n<th class=\"a-color-secondary a-size-base prodDetSectionEntry\">Battery Power Rating</th>\n<td class=\"a-size-base prodDetAttrValue\">&lrm;5000</td>\n</tr>\n<tr>\n<th class=\"a-color-secondary a-size-base prodDetSectionEntry\">Whats in the box</th>\n<td class=\"a-size-base prodDetAttrValue\">&lrm;Handset, Ejection Pin,Data Cable,Quick Start Guide</td>\n</tr>\n<tr>\n<th class=\"a-color-secondary a-size-base prodDetSectionEntry\">Manufacturer</th>\n<td class=\"a-size-base prodDetAttrValue\">&lrm;Samsung India pvt Ltd</td>\n</tr>\n<tr>\n<th class=\"a-color-secondary a-size-base prodDetSectionEntry\">Country of Origin</th>\n<td class=\"a-size-base prodDetAttrValue\">&lrm;Vietnam</td>\n</tr>\n<tr>\n<th class=\"a-color-secondary a-size-base prodDetSectionEntry\">Item Weight</th>\n<td class=\"a-size-base prodDetAttrValue\">&lrm;228 g</td>\n</tr>\n</tbody>\n</table>\n<h1 class=\"a-size-medium a-spacing-small secHeader\">Additional Information</h1>\n<div class=\"a-section table-padding\">\n<table id=\"productDetails_detailBullets_sections1\" class=\"a-keyvalue prodDetTable\" role=\"presentation\">\n<tbody>\n<tr>\n<th class=\"a-color-secondary a-size-base prodDetSectionEntry\">ASIN</th>\n<td class=\"a-size-base prodDetAttrValue\">B09SH7FDKT</td>\n</tr>\n<tr>\n<th class=\"a-color-secondary a-size-base prodDetSectionEntry\">Customer Reviews</th>\n<td class=\"a-size-base\">\n<div id=\"averageCustomerReviews\" data-asin=\"B09SH7FDKT\" data-ref=\"dpx_acr_pop_\"><span class=\"a-declarative\" data-action=\"acrStarsLink-click-metrics\" data-csa-c-type=\"widget\" data-csa-c-func-deps=\"aui-da-acrStarsLink-click-metrics\" data-acrstarslink-click-metrics=\"{}\" data-csa-c-id=\"iog4hg-jyj4ee-z5vqwj-os9o75\"><span id=\"acrPopover\" class=\"reviewCountTextLinkedHistogram noUnderline\" title=\"4.4 out of 5 stars\"><span class=\"a-declarative\" data-action=\"a-popover\" data-csa-c-type=\"widget\" data-csa-c-func-deps=\"aui-da-a-popover\" data-a-popover=\"{&quot;max-width&quot;:&quot;700&quot;,&quot;closeButton&quot;:&quot;false&quot;,&quot;position&quot;:&quot;triggerBottom&quot;,&quot;url&quot;:&quot;/gp/customer-reviews/widgets/average-customer-review/popover/ref=dpx_acr_pop_?contextId=dpx&amp;asin=B09SH7FDKT&quot;}\" data-csa-c-id=\"iz3gvu-4kzxgb-fg9fll-rvelqe\"><a class=\"a-popover-trigger a-declarative\" role=\"button\"><em class=\"a-icon a-icon-star a-star-4-5\"><span class=\"a-icon-alt\">4.4 out of 5 stars</span></em>&nbsp;</a>&nbsp;</span>&nbsp;</span></span>&nbsp;<span class=\"a-declarative\" data-action=\"acrLink-click-metrics\" data-csa-c-type=\"widget\" data-csa-c-func-deps=\"aui-da-acrLink-click-metrics\" data-acrlink-click-metrics=\"{}\" data-csa-c-id=\"fab5xn-b9cnv-tibadi-pkbur4\"><a id=\"acrCustomerReviewLink\" class=\"a-link-normal\" href=\"https://www.amazon.in/Samsung-Burgundy-Storage-Additional-Exchange/dp/B09SH7FDKT/ref=sr_1_3?crid=290XY9N9UTD0M&amp;keywords=samsung%2Bs22%2Bultra&amp;qid=1677578772&amp;sprefix=samsung%2Bs22%2Bulta%2Caps%2C258&amp;sr=8-3&amp;th=1#customerReviews\"><span id=\"acrCustomerReviewText\" class=\"a-size-base\">1,553 ratings</span></a></span></div>\n<br>4.4 out of 5 stars</td>\n</tr>\n<tr>\n<th class=\"a-color-secondary a-size-base prodDetSectionEntry\">Best Sellers Rank</th>\n<td>#57,394 in Electronics (<a href=\"https://www.amazon.in/gp/bestsellers/electronics/ref=pd_zg_ts_electronics\">See Top 100 in Electronics</a>)<br>#1,521 in&nbsp;<a href=\"https://www.amazon.in/gp/bestsellers/electronics/1805560031/ref=pd_zg_hrsr_electronics\">Smartphones</a></td>\n</tr>\n<tr>\n<th class=\"a-color-secondary a-size-base prodDetSectionEntry\">Date First Available</th>\n<td class=\"a-size-base prodDetAttrValue\">26 October 2021</td>\n</tr>\n<tr>\n<th class=\"a-color-secondary a-size-base prodDetSectionEntry\">Manufacturer</th>\n<td class=\"a-size-base prodDetAttrValue\">Samsung India pvt Ltd, Samsung Electronics Vietnam Thai Nguyen Co.,Ltd, Yen Binh Industrial Park, Dong Tien Ward Pho Yen Town 00280, Thai Nguyen Province Vietnam</td>\n</tr>\n<tr>\n<th class=\"a-color-secondary a-size-base prodDetSectionEntry\">Packer</th>\n<td class=\"a-size-base prodDetAttrValue\">Samsung Electronics Vietnam Thai Nguyen Co.,Ltd, Yen Binh Industrial Park, Dong Tien Ward Pho Yen Town 00280, Thai Nguyen Province Vietnam</td>\n</tr>\n<tr>\n<th class=\"a-color-secondary a-size-base prodDetSectionEntry\">Importer</th>\n<td class=\"a-size-base prodDetAttrValue\">Samsung India Electronics Pvt ltd, 6th Floor , DLF Centre, Sansad Marg, New Delhi - 110001 . Email id: support.india@samsung.com, Tel(Toll Free): 1800 40 7267864</td>\n</tr>\n<tr>\n<th class=\"a-color-secondary a-size-base prodDetSectionEntry\">Item Dimensions LxWxH</th>\n<td class=\"a-size-base prodDetAttrValue\">9 x 78 x 163 Millimeters</td>\n</tr>\n<tr>\n<th class=\"a-color-secondary a-size-base prodDetSectionEntry\">Net Quantity</th>\n<td class=\"a-size-base prodDetAttrValue\">1 Count</td>\n</tr>\n<tr>\n<th class=\"a-color-secondary a-size-base prodDetSectionEntry\">Generic Name</th>\n<td class=\"a-size-base prodDetAttrValue\">Smartphones</td>\n</tr>\n</tbody>\n</table>\n</div>',85000,_binary '',90000,9,_binary '','Samsung s22 Ultra','e887a5d2-62ba-4965-854d-1c958b343d23.jpg','64582065-18f5-4ddc-9073-86ae36d17d3e'),('fb347200-0f0a-4634-8d63-4ead92b203cd','2022-12-29 15:27:26.293000','<p><span style=\"text-decoration: underline;\"><span style=\"color: rgb(224, 62, 45); text-decoration: underline;\"><strong>This product is created from swagger ui</strong></span></span></p>\n<p>The&nbsp;<strong>BOYA&nbsp;</strong><strong>BY-M1</strong>&nbsp;is an omnidirectional lavalier microphone ideal for vlog, presentation, podcasting, live streaming and much more.<br>&nbsp;<br><strong>Custom Omnidirectional Capsule For High Quality Audio Pickup</strong><br>Designed with a custom omnidirectional signal capsule, it&nbsp;captures broadcast-quality sound from a 360-degree range and delivers it to your recording device via its&nbsp;6m(20&rsquo;) shielded cable. With the&nbsp;improved sensitivity, signal-to-noise and a flat frequency response, BY-M1 allows&nbsp;you to record every last audio detail with lower self-noise.<br>&nbsp;<br><strong>Two Recording Modes For Different Using Scenarios</strong><br>Featuring a&nbsp;3.5mm&nbsp;4-pole&nbsp;TRRS output connector, you&nbsp;can connect BY-M1 to your camera or&nbsp;camcorder under&nbsp;&ldquo;camera&rdquo;&nbsp;mode, and&nbsp;also connect&nbsp;it to your smartphone or&nbsp;PC when switch to&nbsp;&ldquo;OFF/Smartphone&rdquo;&nbsp;mode.<br>&nbsp;<br><strong>Every Necessary Accessory Is Included</strong><br>In terms of accessories, you will find lapel clip, foam windscreen all in pack, and a LR44 battery for using &ldquo;camera&rdquo; mode, &nbsp;a 1/4\" audio adapter for compatible further device, and a carrying pouch to provide secure protection.</p>\n<div><br>&nbsp;</div>\n<div>\n<div><strong>Using the microphone</strong><br>&nbsp;</div>\n<div>&bull; For Smartphone</div>\n<div>&nbsp; Switch off the microphone. Slide the ON/OFF up to OFF/Smartphone</div>\n<div>&nbsp; The power is shut down.</div>\n<div>&bull; For DSLR, Camcorders, Audio recorders, PC ect</div>\n<div>&nbsp; Switch on the microphone. Slide the ON/OFF up to ON</div>\n<div>&nbsp;</div>\n<div>&nbsp;</div>\n<div>\n<div><strong>Specifications：</strong></div>\n<div>&nbsp;</div>\n<div>\n<table border=\"1\" cellspacing=\"0\" cellpadding=\"2\">\n<tbody>\n<tr>\n<td>&nbsp;Polar pattern:</td>\n<td>&nbsp;Omini-directional</td>\n</tr>\n<tr>\n<td>&nbsp;Frequency response:</td>\n<td>&nbsp;65Hz-18KHz</td>\n</tr>\n<tr>\n<td>&nbsp;Signal/Noise:</td>\n<td>&nbsp;74dB or more</td>\n</tr>\n<tr>\n<td>&nbsp;Output Impadence:&nbsp;</td>\n<td>&nbsp;1000&Omega; or less</td>\n</tr>\n<tr>\n<td>Power requirement:&nbsp;</td>\n<td>&nbsp; LR44</td>\n</tr>\n</tbody>\n</table>\n<p>&nbsp;</p>\n<p>&nbsp;</p>\n</div>\n</div>\n</div>',1100,_binary '',1500,5,_binary '','Boya mic 1025','b28682fc-fb3e-4136-a22a-97ef0a15ea4a.jpg',NULL);
/*!40000 ALTER TABLE `products` ENABLE KEYS */;
UNLOCK TABLES;

--
-- Table structure for table `roles`
--

DROP TABLE IF EXISTS `roles`;
/*!40101 SET @saved_cs_client     = @@character_set_client */;
/*!50503 SET character_set_client = utf8mb4 */;
CREATE TABLE `roles` (
  `role_id` varchar(255) NOT NULL,
  `role_name` varchar(255) DEFAULT NULL,
  PRIMARY KEY (`role_id`)
) ENGINE=InnoDB DEFAULT CHARSET=utf8mb4 COLLATE=utf8mb4_0900_ai_ci;
/*!40101 SET character_set_client = @saved_cs_client */;

--
-- Dumping data for table `roles`
--

LOCK TABLES `roles` WRITE;
/*!40000 ALTER TABLE `roles` DISABLE KEYS */;
INSERT INTO `roles` VALUES ('abc','NORMAL'),('awgfasfwsdqtgasfwqgsdtg','ROLE_NORMAL'),('rfasf','ADMIN'),('wetrsdfwetwfasfwdf','ROLE_ADMIN');
/*!40000 ALTER TABLE `roles` ENABLE KEYS */;
UNLOCK TABLES;

--
-- Table structure for table `users`
--

DROP TABLE IF EXISTS `users`;
/*!40101 SET @saved_cs_client     = @@character_set_client */;
/*!50503 SET character_set_client = utf8mb4 */;
CREATE TABLE `users` (
  `user_id` varchar(255) NOT NULL,
  `about` varchar(1000) DEFAULT NULL,
  `user_email` varchar(255) DEFAULT NULL,
  `gender` varchar(255) DEFAULT NULL,
  `user_image_name` varchar(255) DEFAULT NULL,
  `user_name` varchar(255) DEFAULT NULL,
  `user_password` varchar(500) DEFAULT NULL,
  PRIMARY KEY (`user_id`),
  UNIQUE KEY `UK_33uo7vet9c79ydfuwg1w848f` (`user_email`)
) ENGINE=InnoDB DEFAULT CHARSET=utf8mb4 COLLATE=utf8mb4_0900_ai_ci;
/*!40101 SET character_set_client = @saved_cs_client */;

--
-- Dumping data for table `users`
--

LOCK TABLES `users` WRITE;
/*!40000 ALTER TABLE `users` DISABLE KEYS */;
INSERT INTO `users` VALUES ('12195960-6b4d-43cd-bf2a-d0fa704769bb',NULL,'durgeshkumar8896@gmail.com',NULL,'https://lh3.googleusercontent.com/a/AEdFTp6exhE2OHvHuOz6a-8zZL4KnCv4Y9WzLcGxgdAlsQ=s96-c','Durgesh Tiwari','$2a$10$i3rIpgp7PzCTi3L0P56Loues16kJT1ZMvzWcdBtyXWBvKa1Y.hD9e'),('1bdfe558-b7d4-4258-b1c5-b343b75011ff',NULL,'learncodewithdurgesh@gmail.com',NULL,'https://lh3.googleusercontent.com/a/AEdFTp6qHFVlH5bNfPRcqwOYn_m0Gew8Z2Kj3Bo_mBSm=s96-c','Learn Code With Durgesh Official','$2a$10$sDRhQFxFvUy.Lrqh1a3CvOrpdizEF56cbTx31STri/C0k8B2PGHam'),('2087071a-6358-4e38-b655-e0773af258e9','I am professional Web developer using react js and javascript','manoj@gmail.com','male','f8746e96-8ad7-43a9-812a-2e726c299642.jpg','Manoj Kumar Pandey','$2a$10$EkUnp4QYY5ckf3sTKzZ1Z.6ckYiRHdz6L2Wkt3GqafTtrslPiPPIe'),('3a4e62fd-f393-4a2a-9c4c-ed473a435857','This user is create while learning frontend','frontend7@gmail.com','female',NULL,'frontend7','$2a$10$.QfMfxXei8STAD3zUvPP6ucSU9CGT75QxK2OYLM//nTCN71HWsJAu'),('46faa909-d84f-4c93-b013-2fd40b870a7f','I am programmer','durgeshkumar@gmial.com',NULL,NULL,'Durgesh','$2a$10$4rMS67qMiKEH4.uHHdIGuOgRrdrRgNQSJ2orVSIewNEF7CAwGsy4i'),('4dbde161-a92b-48ab-9fe7-56f8037c63bf','I love programming, i want to work with lcwd.','ramankumar@dev.in','Male','harsh.png','Ram Kumar Tiwari','$2a$10$d8HhHQU9gyF0GXtYxixdUe/1saCjuZZ618sY9d93zSksCSZlUVSlm'),('527fbc44-8c69-4eaa-bd8f-3ee7436f236c','This user is create while creating front end.','frontend1@gmail.com','male',NULL,'frontEnd1','$2a$10$dQgpx7bFuVPsaKpZbDFbuObA0ih8ZLGzPUSy6eOHy0WmTd1GU1.ym'),('6084288f-a174-4a0a-818b-533625f5e832','I am learning java from you sir.','vijaypandey555@gmail.com','male',NULL,'vijay kumar pandey','$2a$10$1x1ORxyxVNpkNoNgCykeFOZSDwa5wGlsQwkindMmxPQh3tdYzSUNa'),('6dc5294b-fdf2-47ee-a77e-dfc0a150882f','This user is create while creating front end application.','frontend6@gmail.com','male',NULL,'fronend6','$2a$10$T7v/gJ9RaPrVNMx8UVbEiuqzZy6eApII1DQQcA94qGoP7nzbRhuZe'),('74be9330-6712-448b-847e-2449f28b33e1',NULL,'durgesh.programing@gmail.com',NULL,'https://lh3.googleusercontent.com/a/AEdFTp7m21WYG4mGReNnGfppiioUKUwPiaeMvSwx79s11Q=s96-c','Durgesh Tiwari','$2a$10$JPnCrbq66QDaU1TogGolo.2U2pfQIkfOMIVCQZZXzSS5TaZ3vymle'),('8745df74-9c79-4d57-a446-096ae7c0fb73','I love programming, i want to work with lcwd.','pankaj@dev.in','Male','harsh.png','Pankaj Kumar Tiwari','$2a$10$.UNlgP6af8l8lJYQqVY0b.vXWBuofsw.i2A2Hyw1HP0/C0ZRdlsWq'),('8cc26385-26cb-4657-9b0a-8dcf34d0f88e','This user is create while creating front end.','frontend3@gmail.com','male',NULL,'frontEnd3','$2a$10$IZLMK83Nna7Qd9.hN8CMKO8YU2R6kf6NgsIyuNGnBFWX/kEVoFcw.'),('8d9dc220-c962-4db0-b7f9-997d6f6e6634','This user is create while creating front end.','fronten4@gmail.com','male',NULL,'frontEnd4','$2a$10$PeZd/sL1pzTqNYiJYfNdK.0JONgoi.IeHYlXBwUkFohtw3QIeIl6u'),('950f1dc5-3658-46d2-814a-4aeb5cf3c1e3','This is admin account created only for testing.','sachin@gmail.com','male','706284b7-c01c-4d0a-abb7-f663fe939be6.jpg','Durgesh Kr. Tiwari','$2a$10$xoEumeVzciUKxc0F.vWzNuSHiz6yCH7YMrZC5ko.DXLNrh/VVg/Iu'),('98019f28-235e-4e4b-a0ed-6dff825a877f','This is also a testing user.','ajay@gmail.com','male',NULL,'Ajay Kumar Pandey','$2a$10$AiqV65ZuoJD6lAgLVCPC8Oj0UdSRQdoenhfLZJ1vxKkmig/AE1n2m'),('a1fb66d6-1ab3-40ab-aa53-ced26ed65f99','This is testing create method','durgesh@gmail.com','Male','abc.png','Durgesh','$2a$10$0SxhqVff46LTeq1RBqQPaOZFo1Z14DwKssGa6FHRI586xIs3j3LPq'),('b30055a6-0fb9-47a5-a96b-afeaab96eb17','This is testing user','xyz1@gmail.com','male','7586e402-2196-4c58-b9f6-9ebfca3d1a94.JPG','harshit Kumar','$2a$10$WpYFL2v.Er..tZ5fooFZvuXGwc9NDs4nq8IAWk9vZ9FlMXA83j4nO'),('b5b61e1a-e98f-4d01-816d-aba82af107d5','This user is create while creating front end.','frontend2@gmail.com','male',NULL,'frontEnd2','$2a$10$4LeIx0F1FuCg7sKKSuXzeOpcoP4nqLEAAOK94534bcECnMmafKjL.'),('b7bb2875-5a56-44a6-95c9-5ba7d24902d1','I love programming, i want to work with lcwd.','durgesh@dev.in','Male','harsh.png','Durgesh Tiwari','$2a$10$mlTSbwkLVEwE6rZKfkgX5unR2l.uNSFdKQE2ZGbjAya6RfLtfPm4e'),('c96650e6-7830-4fa3-bcc9-5549b835e062','This user is create while creating front end.','fronten5@gmail.com','female',NULL,'frontEnd5','$2a$10$FobNAPxC0g0XX3GpsIh5LeHohVWT0PqDQhQVVuXTdAg4PStd0Ddka'),('d730c5cd-2b10-4192-900c-e88d5075ccfb','This is testing user. Wow this is amzing. its working file.','arjun@gmail.com','male','958deb52-a4e8-4003-b596-7c4039d8903b.jpg','Arjun S. Tendulkar','$2a$10$5FbblxsiqB4c2Q64n7VxOur7mHiRj194NLf0LK2mPjtDeHSmNdzc2'),('ed06a739-3e01-4d85-a8e7-32d89ba4d9d4',NULL,'aws8896305@gmail.com',NULL,'https://lh3.googleusercontent.com/a/AEdFTp4zXuYjMesRMdTOPU6vs1x0JBRVVO2zcNmXW5GK=s96-c','AWS Durgesh','$2a$10$MYtwr9LN4coPrFX0YogOI.LaHsBK3.juqXZ8FoiXyZNTy/E.u9FiO');
/*!40000 ALTER TABLE `users` ENABLE KEYS */;
UNLOCK TABLES;

--
-- Table structure for table `users_roles`
--

DROP TABLE IF EXISTS `users_roles`;
/*!40101 SET @saved_cs_client     = @@character_set_client */;
/*!50503 SET character_set_client = utf8mb4 */;
CREATE TABLE `users_roles` (
  `user_user_id` varchar(255) NOT NULL,
  `roles_role_id` varchar(255) NOT NULL,
  PRIMARY KEY (`user_user_id`,`roles_role_id`),
  KEY `FKtgou1kvdhyryu3fia6uu1fhoi` (`roles_role_id`),
  CONSTRAINT `FK27iuqlfirca39l6y61p4p4qo2` FOREIGN KEY (`user_user_id`) REFERENCES `users` (`user_id`),
  CONSTRAINT `FKtgou1kvdhyryu3fia6uu1fhoi` FOREIGN KEY (`roles_role_id`) REFERENCES `roles` (`role_id`)
) ENGINE=InnoDB DEFAULT CHARSET=utf8mb4 COLLATE=utf8mb4_0900_ai_ci;
/*!40101 SET character_set_client = @saved_cs_client */;

--
-- Dumping data for table `users_roles`
--

LOCK TABLES `users_roles` WRITE;
/*!40000 ALTER TABLE `users_roles` DISABLE KEYS */;
INSERT INTO `users_roles` VALUES ('a1fb66d6-1ab3-40ab-aa53-ced26ed65f99','abc'),('12195960-6b4d-43cd-bf2a-d0fa704769bb','awgfasfwsdqtgasfwqgsdtg'),('1bdfe558-b7d4-4258-b1c5-b343b75011ff','awgfasfwsdqtgasfwqgsdtg'),('2087071a-6358-4e38-b655-e0773af258e9','awgfasfwsdqtgasfwqgsdtg'),('3a4e62fd-f393-4a2a-9c4c-ed473a435857','awgfasfwsdqtgasfwqgsdtg'),('46faa909-d84f-4c93-b013-2fd40b870a7f','awgfasfwsdqtgasfwqgsdtg'),('527fbc44-8c69-4eaa-bd8f-3ee7436f236c','awgfasfwsdqtgasfwqgsdtg'),('6084288f-a174-4a0a-818b-533625f5e832','awgfasfwsdqtgasfwqgsdtg'),('6dc5294b-fdf2-47ee-a77e-dfc0a150882f','awgfasfwsdqtgasfwqgsdtg'),('74be9330-6712-448b-847e-2449f28b33e1','awgfasfwsdqtgasfwqgsdtg'),('8745df74-9c79-4d57-a446-096ae7c0fb73','awgfasfwsdqtgasfwqgsdtg'),('8cc26385-26cb-4657-9b0a-8dcf34d0f88e','awgfasfwsdqtgasfwqgsdtg'),('8d9dc220-c962-4db0-b7f9-997d6f6e6634','awgfasfwsdqtgasfwqgsdtg'),('950f1dc5-3658-46d2-814a-4aeb5cf3c1e3','awgfasfwsdqtgasfwqgsdtg'),('98019f28-235e-4e4b-a0ed-6dff825a877f','awgfasfwsdqtgasfwqgsdtg'),('a1fb66d6-1ab3-40ab-aa53-ced26ed65f99','awgfasfwsdqtgasfwqgsdtg'),('b30055a6-0fb9-47a5-a96b-afeaab96eb17','awgfasfwsdqtgasfwqgsdtg'),('b5b61e1a-e98f-4d01-816d-aba82af107d5','awgfasfwsdqtgasfwqgsdtg'),('c96650e6-7830-4fa3-bcc9-5549b835e062','awgfasfwsdqtgasfwqgsdtg'),('d730c5cd-2b10-4192-900c-e88d5075ccfb','awgfasfwsdqtgasfwqgsdtg'),('ed06a739-3e01-4d85-a8e7-32d89ba4d9d4','awgfasfwsdqtgasfwqgsdtg'),('46faa909-d84f-4c93-b013-2fd40b870a7f','rfasf'),('950f1dc5-3658-46d2-814a-4aeb5cf3c1e3','wetrsdfwetwfasfwdf'),('b7bb2875-5a56-44a6-95c9-5ba7d24902d1','wetrsdfwetwfasfwdf');
/*!40000 ALTER TABLE `users_roles` ENABLE KEYS */;
UNLOCK TABLES;
/*!40103 SET TIME_ZONE=@OLD_TIME_ZONE */;

/*!40101 SET SQL_MODE=@OLD_SQL_MODE */;
/*!40014 SET FOREIGN_KEY_CHECKS=@OLD_FOREIGN_KEY_CHECKS */;
/*!40014 SET UNIQUE_CHECKS=@OLD_UNIQUE_CHECKS */;
/*!40101 SET CHARACTER_SET_CLIENT=@OLD_CHARACTER_SET_CLIENT */;
/*!40101 SET CHARACTER_SET_RESULTS=@OLD_CHARACTER_SET_RESULTS */;
/*!40101 SET COLLATION_CONNECTION=@OLD_COLLATION_CONNECTION */;
/*!40111 SET SQL_NOTES=@OLD_SQL_NOTES */;

-- Dump completed on 2023-06-19 11:33:13
